sample_id	run_id	assay_type	run_classification	gene_id	gene_symbol	overlay_source	overlay_source_count	overlay_source_list	mitocarta_hit	epi25_hit	match_key	functional_impact	variant_count
ERR10619285	run_2026_06_02_124300	WES	full_pipeline	ENSG00000100150	DEPDC5	epi25_all_epilepsy	1	epi25_all_epilepsy	False	True	ensembl_gene_id	splice_relevant	1
ERR10619285	run_2026_06_02_124300	WES	full_pipeline	ENSG00000103148	NPRL3	epi25_all_epilepsy	1	epi25_all_epilepsy	False	True	ensembl_gene_id	loss_of_function	1
ERR10619285	run_2026_06_02_124300	WES	full_pipeline	ENSG00000144285	SCN1A	epi25_all_epilepsy	1	epi25_all_epilepsy	False	True	ensembl_gene_id	missense	1
ERR10619285	run_2026_06_02_124300	WES	full_pipeline	ENSG00000144285	SCN1A	epi25_all_epilepsy	1	epi25_all_epilepsy	False	True	ensembl_gene_id	synonymous	2
ERR10619285	run_2026_06_02_124300	WES	full_pipeline	ENSG00000197283	SYNGAP1	epi25_all_epilepsy	1	epi25_all_epilepsy	False	True	ensembl_gene_id	synonymous	2
ERR10619285	run_2026_06_02_124300	WES	full_pipeline	ENSG00000109576	AADAT	mitocarta	1	mitocarta	True	False	ensembl_gene_id	splice_relevant	1
ERR10619285	run_2026_06_02_124300	WES	full_pipeline	ENSG00000124608	AARS2	mitocarta	1	mitocarta	True	False	ensembl_gene_id	missense	1
ERR10619285	run_2026_06_02_124300	WES	full_pipeline	ENSG00000124608	AARS2	mitocarta	1	mitocarta	True	False	ensembl_gene_id	synonymous	2
ERR10619285	run_2026_06_02_124300	WES	full_pipeline	ENSG00000183044	ABAT	mitocarta	1	mitocarta	True	False	ensembl_gene_id	missense	1
ERR10619285	run_2026_06_02_124300	WES	full_pipeline	ENSG00000183044	ABAT	mitocarta	1	mitocarta	True	False	ensembl_gene_id	splice_relevant	1
ERR10619285	run_2026_06_02_124300	WES	full_pipeline	ENSG00000183044	ABAT	mitocarta	1	mitocarta	True	False	ensembl_gene_id	synonymous	1
ERR10619285	run_2026_06_02_124300	WES	full_pipeline	ENSG00000154258	ABCA9	mitocarta	1	mitocarta	True	False	ensembl_gene_id	missense	1
ERR10619285	run_2026_06_02_124300	WES	full_pipeline	ENSG00000135776	ABCB10	mitocarta	1	mitocarta	True	False	ensembl_gene_id	synonymous	1
ERR10619285	run_2026_06_02_124300	WES	full_pipeline	ENSG00000115657	ABCB6	mitocarta	1	mitocarta	True	False	ensembl_gene_id	synonymous	1
ERR10619285	run_2026_06_02_124300	WES	full_pipeline	ENSG00000131269	ABCB7	mitocarta	1	mitocarta	True	False	ensembl_gene_id	missense	1
ERR10619285	run_2026_06_02_124300	WES	full_pipeline	ENSG00000131269	ABCB7	mitocarta	1	mitocarta	True	False	ensembl_gene_id	synonymous	1
ERR10619285	run_2026_06_02_124300	WES	full_pipeline	ENSG00000197150	ABCB8	mitocarta	1	mitocarta	True	False	ensembl_gene_id	missense	2
ERR10619285	run_2026_06_02_124300	WES	full_pipeline	ENSG00000197150	ABCB8	mitocarta	1	mitocarta	True	False	ensembl_gene_id	synonymous	1
ERR10619285	run_2026_06_02_124300	WES	full_pipeline	ENSG00000117528	ABCD3	mitocarta	1	mitocarta	True	False	ensembl_gene_id	synonymous	1
ERR10619285	run_2026_06_02_124300	WES	full_pipeline	ENSG00000106077	ABHD11	mitocarta	1	mitocarta	True	False	ensembl_gene_id	synonymous	1
ERR10619285	run_2026_06_02_124300	WES	full_pipeline	ENSG00000060971	ACAA1	mitocarta	1	mitocarta	True	False	ensembl_gene_id	missense	1
ERR10619285	run_2026_06_02_124300	WES	full_pipeline	ENSG00000076555	ACACB	mitocarta	1	mitocarta	True	False	ensembl_gene_id	missense	2
ERR10619285	run_2026_06_02_124300	WES	full_pipeline	ENSG00000076555	ACACB	mitocarta	1	mitocarta	True	False	ensembl_gene_id	splice_relevant	1
ERR10619285	run_2026_06_02_124300	WES	full_pipeline	ENSG00000076555	ACACB	mitocarta	1	mitocarta	True	False	ensembl_gene_id	synonymous	5
ERR10619285	run_2026_06_02_124300	WES	full_pipeline	ENSG00000240303	ACAD11	mitocarta	1	mitocarta	True	False	ensembl_gene_id	loss_of_function	1
ERR10619285	run_2026_06_02_124300	WES	full_pipeline	ENSG00000177646	ACAD9	mitocarta	1	mitocarta	True	False	ensembl_gene_id	synonymous	1
ERR10619285	run_2026_06_02_124300	WES	full_pipeline	ENSG00000117054	ACADM	mitocarta	1	mitocarta	True	False	ensembl_gene_id	missense	1
ERR10619285	run_2026_06_02_124300	WES	full_pipeline	ENSG00000117054	ACADM	mitocarta	1	mitocarta	True	False	ensembl_gene_id	synonymous	2
ERR10619285	run_2026_06_02_124300	WES	full_pipeline	ENSG00000122971	ACADS	mitocarta	1	mitocarta	True	False	ensembl_gene_id	synonymous	2
ERR10619285	run_2026_06_02_124300	WES	full_pipeline	ENSG00000196177	ACADSB	mitocarta	1	mitocarta	True	False	ensembl_gene_id	missense	1
ERR10619285	run_2026_06_02_124300	WES	full_pipeline	ENSG00000075239	ACAT1	mitocarta	1	mitocarta	True	False	ensembl_gene_id	missense	1
ERR10619285	run_2026_06_02_124300	WES	full_pipeline	ENSG00000110455	ACCS	mitocarta	1	mitocarta	True	False	ensembl_gene_id	missense	1
ERR10619285	run_2026_06_02_124300	WES	full_pipeline	ENSG00000110455	ACCS	mitocarta	1	mitocarta	True	False	ensembl_gene_id	splice_relevant	1
ERR10619285	run_2026_06_02_124300	WES	full_pipeline	ENSG00000131473	ACLY	mitocarta	1	mitocarta	True	False	ensembl_gene_id	synonymous	1
ERR10619285	run_2026_06_02_124300	WES	full_pipeline	ENSG00000100412	ACO2	mitocarta	1	mitocarta	True	False	ensembl_gene_id	synonymous	1
ERR10619285	run_2026_06_02_124300	WES	full_pipeline	ENSG00000162390	ACOT11	mitocarta	1	mitocarta	True	False	ensembl_gene_id	synonymous	1
ERR10619285	run_2026_06_02_124300	WES	full_pipeline	ENSG00000119673	ACOT2	mitocarta	1	mitocarta	True	False	ensembl_gene_id	missense	2
ERR10619285	run_2026_06_02_124300	WES	full_pipeline	ENSG00000162836	ACP6	mitocarta	1	mitocarta	True	False	ensembl_gene_id	synonymous	3
ERR10619285	run_2026_06_02_124300	WES	full_pipeline	ENSG00000176715	ACSF3	mitocarta	1	mitocarta	True	False	ensembl_gene_id	missense	2
ERR10619285	run_2026_06_02_124300	WES	full_pipeline	ENSG00000176715	ACSF3	mitocarta	1	mitocarta	True	False	ensembl_gene_id	splice_relevant	1
ERR10619285	run_2026_06_02_124300	WES	full_pipeline	ENSG00000176715	ACSF3	mitocarta	1	mitocarta	True	False	ensembl_gene_id	synonymous	7
ERR10619285	run_2026_06_02_124300	WES	full_pipeline	ENSG00000151726	ACSL1	mitocarta	1	mitocarta	True	False	ensembl_gene_id	synonymous	2
ERR10619285	run_2026_06_02_124300	WES	full_pipeline	ENSG00000166743	ACSM1	mitocarta	1	mitocarta	True	False	ensembl_gene_id	splice_relevant	1
ERR10619285	run_2026_06_02_124300	WES	full_pipeline	ENSG00000166743	ACSM1	mitocarta	1	mitocarta	True	False	ensembl_gene_id	synonymous	2
ERR10619285	run_2026_06_02_124300	WES	full_pipeline	ENSG00000183747	ACSM2A	mitocarta	1	mitocarta	True	False	ensembl_gene_id	missense	5
ERR10619285	run_2026_06_02_124300	WES	full_pipeline	ENSG00000183747	ACSM2A	mitocarta	1	mitocarta	True	False	ensembl_gene_id	synonymous	1
ERR10619285	run_2026_06_02_124300	WES	full_pipeline	ENSG00000066813	ACSM2B	mitocarta	1	mitocarta	True	False	ensembl_gene_id	missense	2
ERR10619285	run_2026_06_02_124300	WES	full_pipeline	ENSG00000066813	ACSM2B	mitocarta	1	mitocarta	True	False	ensembl_gene_id	synonymous	1
ERR10619285	run_2026_06_02_124300	WES	full_pipeline	ENSG00000215009	ACSM4	mitocarta	1	mitocarta	True	False	ensembl_gene_id	synonymous	1
ERR10619285	run_2026_06_02_124300	WES	full_pipeline	ENSG00000183549	ACSM5	mitocarta	1	mitocarta	True	False	ensembl_gene_id	missense	6
ERR10619285	run_2026_06_02_124300	WES	full_pipeline	ENSG00000183549	ACSM5	mitocarta	1	mitocarta	True	False	ensembl_gene_id	synonymous	4
ERR10619285	run_2026_06_02_124300	WES	full_pipeline	ENSG00000154930	ACSS1	mitocarta	1	mitocarta	True	False	ensembl_gene_id	synonymous	1
ERR10619285	run_2026_06_02_124300	WES	full_pipeline	ENSG00000111058	ACSS3	mitocarta	1	mitocarta	True	False	ensembl_gene_id	synonymous	1
ERR10619285	run_2026_06_02_124300	WES	full_pipeline	ENSG00000143199	ADCY10	mitocarta	1	mitocarta	True	False	ensembl_gene_id	missense	2
ERR10619285	run_2026_06_02_124300	WES	full_pipeline	ENSG00000143199	ADCY10	mitocarta	1	mitocarta	True	False	ensembl_gene_id	splice_relevant	1
ERR10619285	run_2026_06_02_124300	WES	full_pipeline	ENSG00000143199	ADCY10	mitocarta	1	mitocarta	True	False	ensembl_gene_id	synonymous	2
ERR10619285	run_2026_06_02_124300	WES	full_pipeline	ENSG00000147576	ADHFE1	mitocarta	1	mitocarta	True	False	ensembl_gene_id	missense	1
ERR10619285	run_2026_06_02_124300	WES	full_pipeline	ENSG00000141385	AFG3L2	mitocarta	1	mitocarta	True	False	ensembl_gene_id	synonymous	2
ERR10619285	run_2026_06_02_124300	WES	full_pipeline	ENSG00000116771	AGMAT	mitocarta	1	mitocarta	True	False	ensembl_gene_id	missense	2
ERR10619285	run_2026_06_02_124300	WES	full_pipeline	ENSG00000116771	AGMAT	mitocarta	1	mitocarta	True	False	ensembl_gene_id	splice_relevant	1
ERR10619285	run_2026_06_02_124300	WES	full_pipeline	ENSG00000116771	AGMAT	mitocarta	1	mitocarta	True	False	ensembl_gene_id	synonymous	1
ERR10619285	run_2026_06_02_124300	WES	full_pipeline	ENSG00000026652	AGPAT4	mitocarta	1	mitocarta	True	False	ensembl_gene_id	synonymous	1
ERR10619285	run_2026_06_02_124300	WES	full_pipeline	ENSG00000172482	AGXT	mitocarta	1	mitocarta	True	False	ensembl_gene_id	synonymous	1
ERR10619285	run_2026_06_02_124300	WES	full_pipeline	ENSG00000113492	AGXT2	mitocarta	1	mitocarta	True	False	ensembl_gene_id	missense	3
ERR10619285	run_2026_06_02_124300	WES	full_pipeline	ENSG00000113492	AGXT2	mitocarta	1	mitocarta	True	False	ensembl_gene_id	synonymous	2
ERR10619285	run_2026_06_02_124300	WES	full_pipeline	ENSG00000156709	AIFM1	mitocarta	1	mitocarta	True	False	ensembl_gene_id	synonymous	1
ERR10619285	run_2026_06_02_124300	WES	full_pipeline	ENSG00000183773	AIFM3	mitocarta	1	mitocarta	True	False	ensembl_gene_id	splice_relevant	1
ERR10619285	run_2026_06_02_124300	WES	full_pipeline	ENSG00000121057	AKAP1	mitocarta	1	mitocarta	True	False	ensembl_gene_id	synonymous	2
ERR10619285	run_2026_06_02_124300	WES	full_pipeline	ENSG00000198074	AKR1B10	mitocarta	1	mitocarta	True	False	ensembl_gene_id	missense	1
ERR10619285	run_2026_06_02_124300	WES	full_pipeline	ENSG00000198074	AKR1B10	mitocarta	1	mitocarta	True	False	ensembl_gene_id	synonymous	2
ERR10619285	run_2026_06_02_124300	WES	full_pipeline	ENSG00000053371	AKR7A2	mitocarta	1	mitocarta	True	False	ensembl_gene_id	missense	1
ERR10619285	run_2026_06_02_124300	WES	full_pipeline	ENSG00000023330	ALAS1	mitocarta	1	mitocarta	True	False	ensembl_gene_id	synonymous	1
ERR10619285	run_2026_06_02_124300	WES	full_pipeline	ENSG00000137124	ALDH1B1	mitocarta	1	mitocarta	True	False	ensembl_gene_id	missense	1
ERR10619285	run_2026_06_02_124300	WES	full_pipeline	ENSG00000137124	ALDH1B1	mitocarta	1	mitocarta	True	False	ensembl_gene_id	synonymous	2
ERR10619285	run_2026_06_02_124300	WES	full_pipeline	ENSG00000144908	ALDH1L1	mitocarta	1	mitocarta	True	False	ensembl_gene_id	missense	2
ERR10619285	run_2026_06_02_124300	WES	full_pipeline	ENSG00000144908	ALDH1L1	mitocarta	1	mitocarta	True	False	ensembl_gene_id	splice_relevant	2
ERR10619285	run_2026_06_02_124300	WES	full_pipeline	ENSG00000144908	ALDH1L1	mitocarta	1	mitocarta	True	False	ensembl_gene_id	synonymous	1
ERR10619285	run_2026_06_02_124300	WES	full_pipeline	ENSG00000136010	ALDH1L2	mitocarta	1	mitocarta	True	False	ensembl_gene_id	synonymous	2
ERR10619285	run_2026_06_02_124300	WES	full_pipeline	ENSG00000072210	ALDH3A2	mitocarta	1	mitocarta	True	False	ensembl_gene_id	splice_relevant	1
ERR10619285	run_2026_06_02_124300	WES	full_pipeline	ENSG00000159423	ALDH4A1	mitocarta	1	mitocarta	True	False	ensembl_gene_id	missense	1
ERR10619285	run_2026_06_02_124300	WES	full_pipeline	ENSG00000159423	ALDH4A1	mitocarta	1	mitocarta	True	False	ensembl_gene_id	synonymous	3
ERR10619285	run_2026_06_02_124300	WES	full_pipeline	ENSG00000112294	ALDH5A1	mitocarta	1	mitocarta	True	False	ensembl_gene_id	missense	3
ERR10619285	run_2026_06_02_124300	WES	full_pipeline	ENSG00000164904	ALDH7A1	mitocarta	1	mitocarta	True	False	ensembl_gene_id	synonymous	1
ERR10619285	run_2026_06_02_124300	WES	full_pipeline	ENSG00000143149	ALDH9A1	mitocarta	1	mitocarta	True	False	ensembl_gene_id	synonymous	1
ERR10619285	run_2026_06_02_124300	WES	full_pipeline	ENSG00000100601	ALKBH1	mitocarta	1	mitocarta	True	False	ensembl_gene_id	missense	1
ERR10619285	run_2026_06_02_124300	WES	full_pipeline	ENSG00000100601	ALKBH1	mitocarta	1	mitocarta	True	False	ensembl_gene_id	synonymous	1
ERR10619285	run_2026_06_02_124300	WES	full_pipeline	ENSG00000242110	AMACR	mitocarta	1	mitocarta	True	False	ensembl_gene_id	missense	4
ERR10619285	run_2026_06_02_124300	WES	full_pipeline	ENSG00000103254	ANTKMT	mitocarta	1	mitocarta	True	False	ensembl_gene_id	splice_relevant	1
ERR10619285	run_2026_06_02_124300	WES	full_pipeline	ENSG00000103254	ANTKMT	mitocarta	1	mitocarta	True	False	ensembl_gene_id	synonymous	1
ERR10619285	run_2026_06_02_124300	WES	full_pipeline	ENSG00000213465	ARL2	mitocarta	1	mitocarta	True	False	ensembl_gene_id	missense	1
ERR10619285	run_2026_06_02_124300	WES	full_pipeline	ENSG00000184867	ARMCX2	mitocarta	1	mitocarta	True	False	ensembl_gene_id	synonymous	1
ERR10619285	run_2026_06_02_124300	WES	full_pipeline	ENSG00000197785	ATAD3A	mitocarta	1	mitocarta	True	False	ensembl_gene_id	synonymous	1
ERR10619285	run_2026_06_02_124300	WES	full_pipeline	ENSG00000160072	ATAD3B	mitocarta	1	mitocarta	True	False	ensembl_gene_id	missense	1
ERR10619285	run_2026_06_02_124300	WES	full_pipeline	ENSG00000160072	ATAD3B	mitocarta	1	mitocarta	True	False	ensembl_gene_id	splice_relevant	1
ERR10619285	run_2026_06_02_124300	WES	full_pipeline	ENSG00000160072	ATAD3B	mitocarta	1	mitocarta	True	False	ensembl_gene_id	synonymous	6
ERR10619285	run_2026_06_02_124300	WES	full_pipeline	ENSG00000152234	ATP5F1A	mitocarta	1	mitocarta	True	False	ensembl_gene_id	splice_relevant	1
ERR10619285	run_2026_06_02_124300	WES	full_pipeline	ENSG00000156411	ATP5MJ	mitocarta	1	mitocarta	True	False	ensembl_gene_id	missense	1
ERR10619285	run_2026_06_02_124300	WES	full_pipeline	ENSG00000241837	ATP5PO	mitocarta	1	mitocarta	True	False	ensembl_gene_id	synonymous	2
ERR10619285	run_2026_06_02_124300	WES	full_pipeline	ENSG00000150756	ATPSCKMT	mitocarta	1	mitocarta	True	False	ensembl_gene_id	synonymous	1
ERR10619285	run_2026_06_02_124300	WES	full_pipeline	ENSG00000002330	BAD	mitocarta	1	mitocarta	True	False	ensembl_gene_id	synonymous	1
ERR10619285	run_2026_06_02_124300	WES	full_pipeline	ENSG00000248098	BCKDHA	mitocarta	1	mitocarta	True	False	ensembl_gene_id	missense	1
ERR10619285	run_2026_06_02_124300	WES	full_pipeline	ENSG00000103507	BCKDK	mitocarta	1	mitocarta	True	False	ensembl_gene_id	synonymous	1
ERR10619285	run_2026_06_02_124300	WES	full_pipeline	ENSG00000171791	BCL2	mitocarta	1	mitocarta	True	False	ensembl_gene_id	synonymous	1
ERR10619285	run_2026_06_02_124300	WES	full_pipeline	ENSG00000140379	BCL2A1	mitocarta	1	mitocarta	True	False	ensembl_gene_id	missense	3
ERR10619285	run_2026_06_02_124300	WES	full_pipeline	ENSG00000137875	BCL2L10	mitocarta	1	mitocarta	True	False	ensembl_gene_id	missense	1
ERR10619285	run_2026_06_02_124300	WES	full_pipeline	ENSG00000153094	BCL2L11	mitocarta	1	mitocarta	True	False	ensembl_gene_id	synonymous	1
ERR10619285	run_2026_06_02_124300	WES	full_pipeline	ENSG00000099968	BCL2L13	mitocarta	1	mitocarta	True	False	ensembl_gene_id	synonymous	1
ERR10619285	run_2026_06_02_124300	WES	full_pipeline	ENSG00000129473	BCL2L2	mitocarta	1	mitocarta	True	False	ensembl_gene_id	missense	1
ERR10619285	run_2026_06_02_124300	WES	full_pipeline	ENSG00000197580	BCO2	mitocarta	1	mitocarta	True	False	ensembl_gene_id	missense	2
ERR10619285	run_2026_06_02_124300	WES	full_pipeline	ENSG00000100290	BIK	mitocarta	1	mitocarta	True	False	ensembl_gene_id	synonymous	1
ERR10619285	run_2026_06_02_124300	WES	full_pipeline	ENSG00000166920	C15ORF48	mitocarta	1	mitocarta	True	False	ensembl_gene_id	splice_relevant	1
ERR10619285	run_2026_06_02_124300	WES	full_pipeline	ENSG00000174928	C3ORF33	mitocarta	1	mitocarta	True	False	ensembl_gene_id	missense	1
ERR10619285	run_2026_06_02_124300	WES	full_pipeline	ENSG00000174928	C3ORF33	mitocarta	1	mitocarta	True	False	ensembl_gene_id	synonymous	1
ERR10619285	run_2026_06_02_124300	WES	full_pipeline	ENSG00000213563	C8ORF82	mitocarta	1	mitocarta	True	False	ensembl_gene_id	missense	1
ERR10619285	run_2026_06_02_124300	WES	full_pipeline	ENSG00000213563	C8ORF82	mitocarta	1	mitocarta	True	False	ensembl_gene_id	synonymous	1
ERR10619285	run_2026_06_02_124300	WES	full_pipeline	ENSG00000174990	CA5A	mitocarta	1	mitocarta	True	False	ensembl_gene_id	synonymous	1
ERR10619285	run_2026_06_02_124300	WES	full_pipeline	ENSG00000169239	CA5B	mitocarta	1	mitocarta	True	False	ensembl_gene_id	splice_relevant	2
ERR10619285	run_2026_06_02_124300	WES	full_pipeline	ENSG00000169239	CA5B	mitocarta	1	mitocarta	True	False	ensembl_gene_id	synonymous	1
ERR10619285	run_2026_06_02_124300	WES	full_pipeline	ENSG00000134905	CARS2	mitocarta	1	mitocarta	True	False	ensembl_gene_id	missense	1
ERR10619285	run_2026_06_02_124300	WES	full_pipeline	ENSG00000134905	CARS2	mitocarta	1	mitocarta	True	False	ensembl_gene_id	synonymous	3
ERR10619285	run_2026_06_02_124300	WES	full_pipeline	ENSG00000132906	CASP9	mitocarta	1	mitocarta	True	False	ensembl_gene_id	missense	2
ERR10619285	run_2026_06_02_124300	WES	full_pipeline	ENSG00000132906	CASP9	mitocarta	1	mitocarta	True	False	ensembl_gene_id	synonymous	2
ERR10619285	run_2026_06_02_124300	WES	full_pipeline	ENSG00000121691	CAT	mitocarta	1	mitocarta	True	False	ensembl_gene_id	synonymous	1
ERR10619285	run_2026_06_02_124300	WES	full_pipeline	ENSG00000159231	CBR3	mitocarta	1	mitocarta	True	False	ensembl_gene_id	missense	2
ERR10619285	run_2026_06_02_124300	WES	full_pipeline	ENSG00000159231	CBR3	mitocarta	1	mitocarta	True	False	ensembl_gene_id	synonymous	2
ERR10619285	run_2026_06_02_124300	WES	full_pipeline	ENSG00000145439	CBR4	mitocarta	1	mitocarta	True	False	ensembl_gene_id	missense	1
ERR10619285	run_2026_06_02_124300	WES	full_pipeline	ENSG00000145439	CBR4	mitocarta	1	mitocarta	True	False	ensembl_gene_id	splice_relevant	1
ERR10619285	run_2026_06_02_124300	WES	full_pipeline	ENSG00000164366	CCDC127	mitocarta	1	mitocarta	True	False	ensembl_gene_id	synonymous	1
ERR10619285	run_2026_06_02_124300	WES	full_pipeline	ENSG00000137500	CCDC90B	mitocarta	1	mitocarta	True	False	ensembl_gene_id	missense	1
ERR10619285	run_2026_06_02_124300	WES	full_pipeline	ENSG00000137500	CCDC90B	mitocarta	1	mitocarta	True	False	ensembl_gene_id	synonymous	1
ERR10619285	run_2026_06_02_124300	WES	full_pipeline	ENSG00000101391	CDK5RAP1	mitocarta	1	mitocarta	True	False	ensembl_gene_id	splice_relevant	1
ERR10619285	run_2026_06_02_124300	WES	full_pipeline	ENSG00000101391	CDK5RAP1	mitocarta	1	mitocarta	True	False	ensembl_gene_id	synonymous	2
ERR10619285	run_2026_06_02_124300	WES	full_pipeline	ENSG00000121289	CEP89	mitocarta	1	mitocarta	True	False	ensembl_gene_id	splice_relevant	1
ERR10619285	run_2026_06_02_124300	WES	full_pipeline	ENSG00000121289	CEP89	mitocarta	1	mitocarta	True	False	ensembl_gene_id	synonymous	1
ERR10619285	run_2026_06_02_124300	WES	full_pipeline	ENSG00000016391	CHDH	mitocarta	1	mitocarta	True	False	ensembl_gene_id	missense	1
ERR10619285	run_2026_06_02_124300	WES	full_pipeline	ENSG00000016391	CHDH	mitocarta	1	mitocarta	True	False	ensembl_gene_id	synonymous	1
ERR10619285	run_2026_06_02_124300	WES	full_pipeline	ENSG00000111666	CHPT1	mitocarta	1	mitocarta	True	False	ensembl_gene_id	missense	1
ERR10619285	run_2026_06_02_124300	WES	full_pipeline	ENSG00000111666	CHPT1	mitocarta	1	mitocarta	True	False	ensembl_gene_id	synonymous	2
ERR10619285	run_2026_06_02_124300	WES	full_pipeline	ENSG00000131730	CKMT2	mitocarta	1	mitocarta	True	False	ensembl_gene_id	synonymous	1
ERR10619285	run_2026_06_02_124300	WES	full_pipeline	ENSG00000125246	CLYBL	mitocarta	1	mitocarta	True	False	ensembl_gene_id	missense	1
ERR10619285	run_2026_06_02_124300	WES	full_pipeline	ENSG00000103121	CMC2	mitocarta	1	mitocarta	True	False	ensembl_gene_id	missense	2
ERR10619285	run_2026_06_02_124300	WES	full_pipeline	ENSG00000134326	CMPK2	mitocarta	1	mitocarta	True	False	ensembl_gene_id	synonymous	1
ERR10619285	run_2026_06_02_124300	WES	full_pipeline	ENSG00000168275	COA6	mitocarta	1	mitocarta	True	False	ensembl_gene_id	missense	1
ERR10619285	run_2026_06_02_124300	WES	full_pipeline	ENSG00000093010	COMT	mitocarta	1	mitocarta	True	False	ensembl_gene_id	missense	1
ERR10619285	run_2026_06_02_124300	WES	full_pipeline	ENSG00000093010	COMT	mitocarta	1	mitocarta	True	False	ensembl_gene_id	synonymous	1
ERR10619285	run_2026_06_02_124300	WES	full_pipeline	ENSG00000173085	COQ2	mitocarta	1	mitocarta	True	False	ensembl_gene_id	missense	2
ERR10619285	run_2026_06_02_124300	WES	full_pipeline	ENSG00000173085	COQ2	mitocarta	1	mitocarta	True	False	ensembl_gene_id	synonymous	1
ERR10619285	run_2026_06_02_124300	WES	full_pipeline	ENSG00000132423	COQ3	mitocarta	1	mitocarta	True	False	ensembl_gene_id	missense	3
ERR10619285	run_2026_06_02_124300	WES	full_pipeline	ENSG00000119723	COQ6	mitocarta	1	mitocarta	True	False	ensembl_gene_id	missense	1
ERR10619285	run_2026_06_02_124300	WES	full_pipeline	ENSG00000119723	COQ6	mitocarta	1	mitocarta	True	False	ensembl_gene_id	synonymous	1
ERR10619285	run_2026_06_02_124300	WES	full_pipeline	ENSG00000167186	COQ7	mitocarta	1	mitocarta	True	False	ensembl_gene_id	missense	1
ERR10619285	run_2026_06_02_124300	WES	full_pipeline	ENSG00000163050	COQ8A	mitocarta	1	mitocarta	True	False	ensembl_gene_id	synonymous	2
ERR10619285	run_2026_06_02_124300	WES	full_pipeline	ENSG00000123815	COQ8B	mitocarta	1	mitocarta	True	False	ensembl_gene_id	splice_relevant	1
ERR10619285	run_2026_06_02_124300	WES	full_pipeline	ENSG00000123815	COQ8B	mitocarta	1	mitocarta	True	False	ensembl_gene_id	synonymous	2
ERR10619285	run_2026_06_02_124300	WES	full_pipeline	ENSG00000006695	COX10	mitocarta	1	mitocarta	True	False	ensembl_gene_id	synonymous	2
ERR10619285	run_2026_06_02_124300	WES	full_pipeline	ENSG00000203667	COX20	mitocarta	1	mitocarta	True	False	ensembl_gene_id	splice_relevant	1
ERR10619285	run_2026_06_02_124300	WES	full_pipeline	ENSG00000131143	COX4I1	mitocarta	1	mitocarta	True	False	ensembl_gene_id	missense	1
ERR10619285	run_2026_06_02_124300	WES	full_pipeline	ENSG00000131143	COX4I1	mitocarta	1	mitocarta	True	False	ensembl_gene_id	synonymous	1
ERR10619285	run_2026_06_02_124300	WES	full_pipeline	ENSG00000126267	COX6B1	mitocarta	1	mitocarta	True	False	ensembl_gene_id	synonymous	1
ERR10619285	run_2026_06_02_124300	WES	full_pipeline	ENSG00000080819	CPOX	mitocarta	1	mitocarta	True	False	ensembl_gene_id	synonymous	2
ERR10619285	run_2026_06_02_124300	WES	full_pipeline	ENSG00000110090	CPT1A	mitocarta	1	mitocarta	True	False	ensembl_gene_id	synonymous	1
ERR10619285	run_2026_06_02_124300	WES	full_pipeline	ENSG00000205560	CPT1B	mitocarta	1	mitocarta	True	False	ensembl_gene_id	missense	1
ERR10619285	run_2026_06_02_124300	WES	full_pipeline	ENSG00000157184	CPT2	mitocarta	1	mitocarta	True	False	ensembl_gene_id	missense	1
ERR10619285	run_2026_06_02_124300	WES	full_pipeline	ENSG00000095321	CRAT	mitocarta	1	mitocarta	True	False	ensembl_gene_id	missense	1
ERR10619285	run_2026_06_02_124300	WES	full_pipeline	ENSG00000088766	CRLS1	mitocarta	1	mitocarta	True	False	ensembl_gene_id	missense	2
ERR10619285	run_2026_06_02_124300	WES	full_pipeline	ENSG00000005469	CROT	mitocarta	1	mitocarta	True	False	ensembl_gene_id	missense	1
ERR10619285	run_2026_06_02_124300	WES	full_pipeline	ENSG00000008405	CRY1	mitocarta	1	mitocarta	True	False	ensembl_gene_id	synonymous	1
ERR10619285	run_2026_06_02_124300	WES	full_pipeline	ENSG00000116791	CRYZ	mitocarta	1	mitocarta	True	False	ensembl_gene_id	synonymous	1
ERR10619285	run_2026_06_02_124300	WES	full_pipeline	ENSG00000103018	CYB5B	mitocarta	1	mitocarta	True	False	ensembl_gene_id	synonymous	1
ERR10619285	run_2026_06_02_124300	WES	full_pipeline	ENSG00000179091	CYC1	mitocarta	1	mitocarta	True	False	ensembl_gene_id	missense	1
ERR10619285	run_2026_06_02_124300	WES	full_pipeline	ENSG00000160882	CYP11B1	mitocarta	1	mitocarta	True	False	ensembl_gene_id	synonymous	1
ERR10619285	run_2026_06_02_124300	WES	full_pipeline	ENSG00000179142	CYP11B2	mitocarta	1	mitocarta	True	False	ensembl_gene_id	missense	2
ERR10619285	run_2026_06_02_124300	WES	full_pipeline	ENSG00000179142	CYP11B2	mitocarta	1	mitocarta	True	False	ensembl_gene_id	splice_relevant	1
ERR10619285	run_2026_06_02_124300	WES	full_pipeline	ENSG00000179142	CYP11B2	mitocarta	1	mitocarta	True	False	ensembl_gene_id	synonymous	3
ERR10619285	run_2026_06_02_124300	WES	full_pipeline	ENSG00000019186	CYP24A1	mitocarta	1	mitocarta	True	False	ensembl_gene_id	synonymous	1
ERR10619285	run_2026_06_02_124300	WES	full_pipeline	ENSG00000180902	D2HGDH	mitocarta	1	mitocarta	True	False	ensembl_gene_id	missense	2
ERR10619285	run_2026_06_02_124300	WES	full_pipeline	ENSG00000180902	D2HGDH	mitocarta	1	mitocarta	True	False	ensembl_gene_id	synonymous	1
ERR10619285	run_2026_06_02_124300	WES	full_pipeline	ENSG00000117593	DARS2	mitocarta	1	mitocarta	True	False	ensembl_gene_id	splice_relevant	1
ERR10619285	run_2026_06_02_124300	WES	full_pipeline	ENSG00000137992	DBT	mitocarta	1	mitocarta	True	False	ensembl_gene_id	missense	1
ERR10619285	run_2026_06_02_124300	WES	full_pipeline	ENSG00000137992	DBT	mitocarta	1	mitocarta	True	False	ensembl_gene_id	splice_relevant	1
ERR10619285	run_2026_06_02_124300	WES	full_pipeline	ENSG00000172992	DCAKD	mitocarta	1	mitocarta	True	False	ensembl_gene_id	synonymous	1
ERR10619285	run_2026_06_02_124300	WES	full_pipeline	ENSG00000182810	DDX28	mitocarta	1	mitocarta	True	False	ensembl_gene_id	missense	1
ERR10619285	run_2026_06_02_124300	WES	full_pipeline	ENSG00000081791	DELE1	mitocarta	1	mitocarta	True	False	ensembl_gene_id	missense	2
ERR10619285	run_2026_06_02_124300	WES	full_pipeline	ENSG00000133943	DGLUCY	mitocarta	1	mitocarta	True	False	ensembl_gene_id	missense	1
ERR10619285	run_2026_06_02_124300	WES	full_pipeline	ENSG00000133943	DGLUCY	mitocarta	1	mitocarta	True	False	ensembl_gene_id	synonymous	1
ERR10619285	run_2026_06_02_124300	WES	full_pipeline	ENSG00000102967	DHODH	mitocarta	1	mitocarta	True	False	ensembl_gene_id	missense	1
ERR10619285	run_2026_06_02_124300	WES	full_pipeline	ENSG00000181192	DHTKD1	mitocarta	1	mitocarta	True	False	ensembl_gene_id	missense	3
ERR10619285	run_2026_06_02_124300	WES	full_pipeline	ENSG00000181192	DHTKD1	mitocarta	1	mitocarta	True	False	ensembl_gene_id	synonymous	3
ERR10619285	run_2026_06_02_124300	WES	full_pipeline	ENSG00000150768	DLAT	mitocarta	1	mitocarta	True	False	ensembl_gene_id	missense	1
ERR10619285	run_2026_06_02_124300	WES	full_pipeline	ENSG00000091140	DLD	mitocarta	1	mitocarta	True	False	ensembl_gene_id	splice_relevant	1
ERR10619285	run_2026_06_02_124300	WES	full_pipeline	ENSG00000132837	DMGDH	mitocarta	1	mitocarta	True	False	ensembl_gene_id	missense	3
ERR10619285	run_2026_06_02_124300	WES	full_pipeline	ENSG00000132837	DMGDH	mitocarta	1	mitocarta	True	False	ensembl_gene_id	synonymous	3
ERR10619285	run_2026_06_02_124300	WES	full_pipeline	ENSG00000007923	DNAJC11	mitocarta	1	mitocarta	True	False	ensembl_gene_id	synonymous	1
ERR10619285	run_2026_06_02_124300	WES	full_pipeline	ENSG00000167264	DUS2	mitocarta	1	mitocarta	True	False	ensembl_gene_id	splice_relevant	1
ERR10619285	run_2026_06_02_124300	WES	full_pipeline	ENSG00000128951	DUT	mitocarta	1	mitocarta	True	False	ensembl_gene_id	synonymous	1
ERR10619285	run_2026_06_02_124300	WES	full_pipeline	ENSG00000103356	EARS2	mitocarta	1	mitocarta	True	False	ensembl_gene_id	missense	2
ERR10619285	run_2026_06_02_124300	WES	full_pipeline	ENSG00000103356	EARS2	mitocarta	1	mitocarta	True	False	ensembl_gene_id	splice_relevant	1
ERR10619285	run_2026_06_02_124300	WES	full_pipeline	ENSG00000103356	EARS2	mitocarta	1	mitocarta	True	False	ensembl_gene_id	synonymous	2
ERR10619285	run_2026_06_02_124300	WES	full_pipeline	ENSG00000093144	ECHDC1	mitocarta	1	mitocarta	True	False	ensembl_gene_id	missense	1
ERR10619285	run_2026_06_02_124300	WES	full_pipeline	ENSG00000134463	ECHDC3	mitocarta	1	mitocarta	True	False	ensembl_gene_id	missense	2
ERR10619285	run_2026_06_02_124300	WES	full_pipeline	ENSG00000134463	ECHDC3	mitocarta	1	mitocarta	True	False	ensembl_gene_id	synonymous	3
ERR10619285	run_2026_06_02_124300	WES	full_pipeline	ENSG00000127884	ECHS1	mitocarta	1	mitocarta	True	False	ensembl_gene_id	missense	2
ERR10619285	run_2026_06_02_124300	WES	full_pipeline	ENSG00000127884	ECHS1	mitocarta	1	mitocarta	True	False	ensembl_gene_id	synonymous	1
ERR10619285	run_2026_06_02_124300	WES	full_pipeline	ENSG00000115468	EFHD1	mitocarta	1	mitocarta	True	False	ensembl_gene_id	missense	1
ERR10619285	run_2026_06_02_124300	WES	full_pipeline	ENSG00000113790	EHHADH	mitocarta	1	mitocarta	True	False	ensembl_gene_id	missense	1
ERR10619285	run_2026_06_02_124300	WES	full_pipeline	ENSG00000113790	EHHADH	mitocarta	1	mitocarta	True	False	ensembl_gene_id	synonymous	1
ERR10619285	run_2026_06_02_124300	WES	full_pipeline	ENSG00000006744	ELAC2	mitocarta	1	mitocarta	True	False	ensembl_gene_id	missense	1
ERR10619285	run_2026_06_02_124300	WES	full_pipeline	ENSG00000006744	ELAC2	mitocarta	1	mitocarta	True	False	ensembl_gene_id	splice_relevant	1
ERR10619285	run_2026_06_02_124300	WES	full_pipeline	ENSG00000006744	ELAC2	mitocarta	1	mitocarta	True	False	ensembl_gene_id	synonymous	1
ERR10619285	run_2026_06_02_124300	WES	full_pipeline	ENSG00000167136	ENDOG	mitocarta	1	mitocarta	True	False	ensembl_gene_id	missense	1
ERR10619285	run_2026_06_02_124300	WES	full_pipeline	ENSG00000120915	EPHX2	mitocarta	1	mitocarta	True	False	ensembl_gene_id	missense	1
ERR10619285	run_2026_06_02_124300	WES	full_pipeline	ENSG00000120915	EPHX2	mitocarta	1	mitocarta	True	False	ensembl_gene_id	synonymous	1
ERR10619285	run_2026_06_02_124300	WES	full_pipeline	ENSG00000132591	ERAL1	mitocarta	1	mitocarta	True	False	ensembl_gene_id	synonymous	1
ERR10619285	run_2026_06_02_124300	WES	full_pipeline	ENSG00000171503	ETFDH	mitocarta	1	mitocarta	True	False	ensembl_gene_id	missense	1
ERR10619285	run_2026_06_02_124300	WES	full_pipeline	ENSG00000105755	ETHE1	mitocarta	1	mitocarta	True	False	ensembl_gene_id	synonymous	1
ERR10619285	run_2026_06_02_124300	WES	full_pipeline	ENSG00000081177	EXD2	mitocarta	1	mitocarta	True	False	ensembl_gene_id	missense	1
ERR10619285	run_2026_06_02_124300	WES	full_pipeline	ENSG00000081177	EXD2	mitocarta	1	mitocarta	True	False	ensembl_gene_id	synonymous	1
ERR10619285	run_2026_06_02_124300	WES	full_pipeline	ENSG00000163586	FABP1	mitocarta	1	mitocarta	True	False	ensembl_gene_id	missense	1
ERR10619285	run_2026_06_02_124300	WES	full_pipeline	ENSG00000035141	FAM136A	mitocarta	1	mitocarta	True	False	ensembl_gene_id	missense	1
ERR10619285	run_2026_06_02_124300	WES	full_pipeline	ENSG00000222011	FAM185A	mitocarta	1	mitocarta	True	False	ensembl_gene_id	missense	2
ERR10619285	run_2026_06_02_124300	WES	full_pipeline	ENSG00000177150	FAM210A	mitocarta	1	mitocarta	True	False	ensembl_gene_id	missense	1
ERR10619285	run_2026_06_02_124300	WES	full_pipeline	ENSG00000177150	FAM210A	mitocarta	1	mitocarta	True	False	ensembl_gene_id	splice_relevant	1
ERR10619285	run_2026_06_02_124300	WES	full_pipeline	ENSG00000124098	FAM210B	mitocarta	1	mitocarta	True	False	ensembl_gene_id	missense	1
ERR10619285	run_2026_06_02_124300	WES	full_pipeline	ENSG00000124098	FAM210B	mitocarta	1	mitocarta	True	False	ensembl_gene_id	splice_relevant	1
ERR10619285	run_2026_06_02_124300	WES	full_pipeline	ENSG00000124098	FAM210B	mitocarta	1	mitocarta	True	False	ensembl_gene_id	synonymous	1
ERR10619285	run_2026_06_02_124300	WES	full_pipeline	ENSG00000145982	FARS2	mitocarta	1	mitocarta	True	False	ensembl_gene_id	missense	1
ERR10619285	run_2026_06_02_124300	WES	full_pipeline	ENSG00000169710	FASN	mitocarta	1	mitocarta	True	False	ensembl_gene_id	synonymous	3
ERR10619285	run_2026_06_02_124300	WES	full_pipeline	ENSG00000138399	FASTKD1	mitocarta	1	mitocarta	True	False	ensembl_gene_id	missense	1
ERR10619285	run_2026_06_02_124300	WES	full_pipeline	ENSG00000138399	FASTKD1	mitocarta	1	mitocarta	True	False	ensembl_gene_id	synonymous	1
ERR10619285	run_2026_06_02_124300	WES	full_pipeline	ENSG00000124279	FASTKD3	mitocarta	1	mitocarta	True	False	ensembl_gene_id	missense	1
ERR10619285	run_2026_06_02_124300	WES	full_pipeline	ENSG00000124279	FASTKD3	mitocarta	1	mitocarta	True	False	ensembl_gene_id	synonymous	1
ERR10619285	run_2026_06_02_124300	WES	full_pipeline	ENSG00000215251	FASTKD5	mitocarta	1	mitocarta	True	False	ensembl_gene_id	synonymous	1
ERR10619285	run_2026_06_02_124300	WES	full_pipeline	ENSG00000267673	FDX2	mitocarta	1	mitocarta	True	False	ensembl_gene_id	missense	1
ERR10619285	run_2026_06_02_124300	WES	full_pipeline	ENSG00000267673	FDX2	mitocarta	1	mitocarta	True	False	ensembl_gene_id	synonymous	2
ERR10619285	run_2026_06_02_124300	WES	full_pipeline	ENSG00000161513	FDXR	mitocarta	1	mitocarta	True	False	ensembl_gene_id	missense	2
ERR10619285	run_2026_06_02_124300	WES	full_pipeline	ENSG00000066926	FECH	mitocarta	1	mitocarta	True	False	ensembl_gene_id	synonymous	2
ERR10619285	run_2026_06_02_124300	WES	full_pipeline	ENSG00000164898	FMC1	mitocarta	1	mitocarta	True	False	ensembl_gene_id	missense	1
ERR10619285	run_2026_06_02_124300	WES	full_pipeline	ENSG00000165060	FXN	mitocarta	1	mitocarta	True	False	ensembl_gene_id	synonymous	1
ERR10619285	run_2026_06_02_124300	WES	full_pipeline	ENSG00000179271	GADD45GIP1	mitocarta	1	mitocarta	True	False	ensembl_gene_id	missense	1
ERR10619285	run_2026_06_02_124300	WES	full_pipeline	ENSG00000106105	GARS1	mitocarta	1	mitocarta	True	False	ensembl_gene_id	missense	1
ERR10619285	run_2026_06_02_124300	WES	full_pipeline	ENSG00000106105	GARS1	mitocarta	1	mitocarta	True	False	ensembl_gene_id	splice_relevant	1
ERR10619285	run_2026_06_02_124300	WES	full_pipeline	ENSG00000106105	GARS1	mitocarta	1	mitocarta	True	False	ensembl_gene_id	synonymous	1
ERR10619285	run_2026_06_02_124300	WES	full_pipeline	ENSG00000059691	GATB	mitocarta	1	mitocarta	True	False	ensembl_gene_id	missense	1
ERR10619285	run_2026_06_02_124300	WES	full_pipeline	ENSG00000059691	GATB	mitocarta	1	mitocarta	True	False	ensembl_gene_id	splice_relevant	1
ERR10619285	run_2026_06_02_124300	WES	full_pipeline	ENSG00000171766	GATM	mitocarta	1	mitocarta	True	False	ensembl_gene_id	missense	1
ERR10619285	run_2026_06_02_124300	WES	full_pipeline	ENSG00000171766	GATM	mitocarta	1	mitocarta	True	False	ensembl_gene_id	synonymous	1
ERR10619285	run_2026_06_02_124300	WES	full_pipeline	ENSG00000105607	GCDH	mitocarta	1	mitocarta	True	False	ensembl_gene_id	synonymous	1
ERR10619285	run_2026_06_02_124300	WES	full_pipeline	ENSG00000140905	GCSH	mitocarta	1	mitocarta	True	False	ensembl_gene_id	missense	1
ERR10619285	run_2026_06_02_124300	WES	full_pipeline	ENSG00000140905	GCSH	mitocarta	1	mitocarta	True	False	ensembl_gene_id	synonymous	2
ERR10619285	run_2026_06_02_124300	WES	full_pipeline	ENSG00000104381	GDAP1	mitocarta	1	mitocarta	True	False	ensembl_gene_id	synonymous	1
ERR10619285	run_2026_06_02_124300	WES	full_pipeline	ENSG00000178445	GLDC	mitocarta	1	mitocarta	True	False	ensembl_gene_id	missense	1
ERR10619285	run_2026_06_02_124300	WES	full_pipeline	ENSG00000178445	GLDC	mitocarta	1	mitocarta	True	False	ensembl_gene_id	splice_relevant	1
ERR10619285	run_2026_06_02_124300	WES	full_pipeline	ENSG00000149124	GLYAT	mitocarta	1	mitocarta	True	False	ensembl_gene_id	missense	1
ERR10619285	run_2026_06_02_124300	WES	full_pipeline	ENSG00000168237	GLYCTK	mitocarta	1	mitocarta	True	False	ensembl_gene_id	splice_relevant	1
ERR10619285	run_2026_06_02_124300	WES	full_pipeline	ENSG00000125166	GOT2	mitocarta	1	mitocarta	True	False	ensembl_gene_id	missense	1
ERR10619285	run_2026_06_02_124300	WES	full_pipeline	ENSG00000125166	GOT2	mitocarta	1	mitocarta	True	False	ensembl_gene_id	synonymous	3
ERR10619285	run_2026_06_02_124300	WES	full_pipeline	ENSG00000119927	GPAM	mitocarta	1	mitocarta	True	False	ensembl_gene_id	missense	2
ERR10619285	run_2026_06_02_124300	WES	full_pipeline	ENSG00000119927	GPAM	mitocarta	1	mitocarta	True	False	ensembl_gene_id	synonymous	2
ERR10619285	run_2026_06_02_124300	WES	full_pipeline	ENSG00000115159	GPD2	mitocarta	1	mitocarta	True	False	ensembl_gene_id	splice_relevant	1
ERR10619285	run_2026_06_02_124300	WES	full_pipeline	ENSG00000167468	GPX4	mitocarta	1	mitocarta	True	False	ensembl_gene_id	synonymous	1
ERR10619285	run_2026_06_02_124300	WES	full_pipeline	ENSG00000137106	GRHPR	mitocarta	1	mitocarta	True	False	ensembl_gene_id	synonymous	1
ERR10619285	run_2026_06_02_124300	WES	full_pipeline	ENSG00000132463	GRSF1	mitocarta	1	mitocarta	True	False	ensembl_gene_id	missense	1
ERR10619285	run_2026_06_02_124300	WES	full_pipeline	ENSG00000104687	GSR	mitocarta	1	mitocarta	True	False	ensembl_gene_id	splice_relevant	2
ERR10619285	run_2026_06_02_124300	WES	full_pipeline	ENSG00000100577	GSTZ1	mitocarta	1	mitocarta	True	False	ensembl_gene_id	missense	1
ERR10619285	run_2026_06_02_124300	WES	full_pipeline	ENSG00000105793	GTPBP10	mitocarta	1	mitocarta	True	False	ensembl_gene_id	missense	2
ERR10619285	run_2026_06_02_124300	WES	full_pipeline	ENSG00000105793	GTPBP10	mitocarta	1	mitocarta	True	False	ensembl_gene_id	splice_relevant	1
ERR10619285	run_2026_06_02_124300	WES	full_pipeline	ENSG00000130299	GTPBP3	mitocarta	1	mitocarta	True	False	ensembl_gene_id	missense	1
ERR10619285	run_2026_06_02_124300	WES	full_pipeline	ENSG00000130299	GTPBP3	mitocarta	1	mitocarta	True	False	ensembl_gene_id	synonymous	1
ERR10619285	run_2026_06_02_124300	WES	full_pipeline	ENSG00000151806	GUF1	mitocarta	1	mitocarta	True	False	ensembl_gene_id	missense	1
ERR10619285	run_2026_06_02_124300	WES	full_pipeline	ENSG00000151806	GUF1	mitocarta	1	mitocarta	True	False	ensembl_gene_id	splice_relevant	1
ERR10619285	run_2026_06_02_124300	WES	full_pipeline	ENSG00000138796	HADH	mitocarta	1	mitocarta	True	False	ensembl_gene_id	missense	1
ERR10619285	run_2026_06_02_124300	WES	full_pipeline	ENSG00000138029	HADHB	mitocarta	1	mitocarta	True	False	ensembl_gene_id	other_coding	1
ERR10619285	run_2026_06_02_124300	WES	full_pipeline	ENSG00000119431	HDHD3	mitocarta	1	mitocarta	True	False	ensembl_gene_id	missense	1
ERR10619285	run_2026_06_02_124300	WES	full_pipeline	ENSG00000119431	HDHD3	mitocarta	1	mitocarta	True	False	ensembl_gene_id	synonymous	1
ERR10619285	run_2026_06_02_124300	WES	full_pipeline	ENSG00000069998	HDHD5	mitocarta	1	mitocarta	True	False	ensembl_gene_id	synonymous	1
ERR10619285	run_2026_06_02_124300	WES	full_pipeline	ENSG00000198130	HIBCH	mitocarta	1	mitocarta	True	False	ensembl_gene_id	loss_of_function	1
ERR10619285	run_2026_06_02_124300	WES	full_pipeline	ENSG00000198130	HIBCH	mitocarta	1	mitocarta	True	False	ensembl_gene_id	missense	1
ERR10619285	run_2026_06_02_124300	WES	full_pipeline	ENSG00000111911	HINT3	mitocarta	1	mitocarta	True	False	ensembl_gene_id	missense	1
ERR10619285	run_2026_06_02_124300	WES	full_pipeline	ENSG00000117305	HMGCL	mitocarta	1	mitocarta	True	False	ensembl_gene_id	synonymous	1
ERR10619285	run_2026_06_02_124300	WES	full_pipeline	ENSG00000113013	HSPA9	mitocarta	1	mitocarta	True	False	ensembl_gene_id	synonymous	2
ERR10619285	run_2026_06_02_124300	WES	full_pipeline	ENSG00000144381	HSPD1	mitocarta	1	mitocarta	True	False	ensembl_gene_id	synonymous	1
ERR10619285	run_2026_06_02_124300	WES	full_pipeline	ENSG00000109854	HTATIP2	mitocarta	1	mitocarta	True	False	ensembl_gene_id	missense	1
ERR10619285	run_2026_06_02_124300	WES	full_pipeline	ENSG00000181873	IBA57	mitocarta	1	mitocarta	True	False	ensembl_gene_id	missense	1
ERR10619285	run_2026_06_02_124300	WES	full_pipeline	ENSG00000166411	IDH3A	mitocarta	1	mitocarta	True	False	ensembl_gene_id	synonymous	1
ERR10619285	run_2026_06_02_124300	WES	full_pipeline	ENSG00000101365	IDH3B	mitocarta	1	mitocarta	True	False	ensembl_gene_id	splice_relevant	1
ERR10619285	run_2026_06_02_124300	WES	full_pipeline	ENSG00000132305	IMMT	mitocarta	1	mitocarta	True	False	ensembl_gene_id	splice_relevant	1
ERR10619285	run_2026_06_02_124300	WES	full_pipeline	ENSG00000132305	IMMT	mitocarta	1	mitocarta	True	False	ensembl_gene_id	synonymous	1
ERR10619285	run_2026_06_02_124300	WES	full_pipeline	ENSG00000136003	ISCU	mitocarta	1	mitocarta	True	False	ensembl_gene_id	missense	3
ERR10619285	run_2026_06_02_124300	WES	full_pipeline	ENSG00000063241	ISOC2	mitocarta	1	mitocarta	True	False	ensembl_gene_id	synonymous	1
ERR10619285	run_2026_06_02_124300	WES	full_pipeline	ENSG00000065427	KARS1	mitocarta	1	mitocarta	True	False	ensembl_gene_id	splice_relevant	1
ERR10619285	run_2026_06_02_124300	WES	full_pipeline	ENSG00000087299	L2HGDH	mitocarta	1	mitocarta	True	False	ensembl_gene_id	missense	2
ERR10619285	run_2026_06_02_124300	WES	full_pipeline	ENSG00000087299	L2HGDH	mitocarta	1	mitocarta	True	False	ensembl_gene_id	synonymous	1
ERR10619285	run_2026_06_02_124300	WES	full_pipeline	ENSG00000103642	LACTB	mitocarta	1	mitocarta	True	False	ensembl_gene_id	missense	2
ERR10619285	run_2026_06_02_124300	WES	full_pipeline	ENSG00000002549	LAP3	mitocarta	1	mitocarta	True	False	ensembl_gene_id	synonymous	1
ERR10619285	run_2026_06_02_124300	WES	full_pipeline	ENSG00000011376	LARS2	mitocarta	1	mitocarta	True	False	ensembl_gene_id	synonymous	5
ERR10619285	run_2026_06_02_124300	WES	full_pipeline	ENSG00000111716	LDHB	mitocarta	1	mitocarta	True	False	ensembl_gene_id	splice_relevant	1
ERR10619285	run_2026_06_02_124300	WES	full_pipeline	ENSG00000111716	LDHB	mitocarta	1	mitocarta	True	False	ensembl_gene_id	synonymous	1
ERR10619285	run_2026_06_02_124300	WES	full_pipeline	ENSG00000168924	LETM1	mitocarta	1	mitocarta	True	False	ensembl_gene_id	synonymous	1
ERR10619285	run_2026_06_02_124300	WES	full_pipeline	ENSG00000050426	LETMD1	mitocarta	1	mitocarta	True	False	ensembl_gene_id	missense	1
ERR10619285	run_2026_06_02_124300	WES	full_pipeline	ENSG00000144182	LIPT1	mitocarta	1	mitocarta	True	False	ensembl_gene_id	synonymous	2
ERR10619285	run_2026_06_02_124300	WES	full_pipeline	ENSG00000175536	LIPT2	mitocarta	1	mitocarta	True	False	ensembl_gene_id	missense	2
ERR10619285	run_2026_06_02_124300	WES	full_pipeline	ENSG00000175536	LIPT2	mitocarta	1	mitocarta	True	False	ensembl_gene_id	synonymous	1
ERR10619285	run_2026_06_02_124300	WES	full_pipeline	ENSG00000138095	LRPPRC	mitocarta	1	mitocarta	True	False	ensembl_gene_id	synonymous	1
ERR10619285	run_2026_06_02_124300	WES	full_pipeline	ENSG00000143353	LYPLAL1	mitocarta	1	mitocarta	True	False	ensembl_gene_id	missense	1
ERR10619285	run_2026_06_02_124300	WES	full_pipeline	ENSG00000143353	LYPLAL1	mitocarta	1	mitocarta	True	False	ensembl_gene_id	splice_relevant	1
ERR10619285	run_2026_06_02_124300	WES	full_pipeline	ENSG00000102897	LYRM1	mitocarta	1	mitocarta	True	False	ensembl_gene_id	missense	1
ERR10619285	run_2026_06_02_124300	WES	full_pipeline	ENSG00000214113	LYRM4	mitocarta	1	mitocarta	True	False	ensembl_gene_id	missense	1
ERR10619285	run_2026_06_02_124300	WES	full_pipeline	ENSG00000133315	MACROD1	mitocarta	1	mitocarta	True	False	ensembl_gene_id	synonymous	1
ERR10619285	run_2026_06_02_124300	WES	full_pipeline	ENSG00000100294	MCAT	mitocarta	1	mitocarta	True	False	ensembl_gene_id	synonymous	1
ERR10619285	run_2026_06_02_124300	WES	full_pipeline	ENSG00000078070	MCCC1	mitocarta	1	mitocarta	True	False	ensembl_gene_id	missense	1
ERR10619285	run_2026_06_02_124300	WES	full_pipeline	ENSG00000078070	MCCC1	mitocarta	1	mitocarta	True	False	ensembl_gene_id	synonymous	1
ERR10619285	run_2026_06_02_124300	WES	full_pipeline	ENSG00000124370	MCEE	mitocarta	1	mitocarta	True	False	ensembl_gene_id	missense	1
ERR10619285	run_2026_06_02_124300	WES	full_pipeline	ENSG00000005059	MCUB	mitocarta	1	mitocarta	True	False	ensembl_gene_id	missense	1
ERR10619285	run_2026_06_02_124300	WES	full_pipeline	ENSG00000146701	MDH2	mitocarta	1	mitocarta	True	False	ensembl_gene_id	missense	1
ERR10619285	run_2026_06_02_124300	WES	full_pipeline	ENSG00000151376	ME3	mitocarta	1	mitocarta	True	False	ensembl_gene_id	missense	3
ERR10619285	run_2026_06_02_124300	WES	full_pipeline	ENSG00000151376	ME3	mitocarta	1	mitocarta	True	False	ensembl_gene_id	synonymous	2
ERR10619285	run_2026_06_02_124300	WES	full_pipeline	ENSG00000116353	MECR	mitocarta	1	mitocarta	True	False	ensembl_gene_id	missense	1
ERR10619285	run_2026_06_02_124300	WES	full_pipeline	ENSG00000116353	MECR	mitocarta	1	mitocarta	True	False	ensembl_gene_id	synonymous	1
ERR10619285	run_2026_06_02_124300	WES	full_pipeline	ENSG00000169519	METTL15	mitocarta	1	mitocarta	True	False	ensembl_gene_id	missense	1
ERR10619285	run_2026_06_02_124300	WES	full_pipeline	ENSG00000101574	METTL4	mitocarta	1	mitocarta	True	False	ensembl_gene_id	missense	2
ERR10619285	run_2026_06_02_124300	WES	full_pipeline	ENSG00000168958	MFF	mitocarta	1	mitocarta	True	False	ensembl_gene_id	splice_relevant	1
ERR10619285	run_2026_06_02_124300	WES	full_pipeline	ENSG00000168958	MFF	mitocarta	1	mitocarta	True	False	ensembl_gene_id	synonymous	1
ERR10619285	run_2026_06_02_124300	WES	full_pipeline	ENSG00000125871	MGME1	mitocarta	1	mitocarta	True	False	ensembl_gene_id	synonymous	1
ERR10619285	run_2026_06_02_124300	WES	full_pipeline	ENSG00000165487	MICU2	mitocarta	1	mitocarta	True	False	ensembl_gene_id	synonymous	1
ERR10619285	run_2026_06_02_124300	WES	full_pipeline	ENSG00000027001	MIPEP	mitocarta	1	mitocarta	True	False	ensembl_gene_id	missense	1
ERR10619285	run_2026_06_02_124300	WES	full_pipeline	ENSG00000160124	MIX23	mitocarta	1	mitocarta	True	False	ensembl_gene_id	missense	1
ERR10619285	run_2026_06_02_124300	WES	full_pipeline	ENSG00000139428	MMAB	mitocarta	1	mitocarta	True	False	ensembl_gene_id	missense	2
ERR10619285	run_2026_06_02_124300	WES	full_pipeline	ENSG00000139428	MMAB	mitocarta	1	mitocarta	True	False	ensembl_gene_id	synonymous	1
ERR10619285	run_2026_06_02_124300	WES	full_pipeline	ENSG00000168288	MMADHC	mitocarta	1	mitocarta	True	False	ensembl_gene_id	synonymous	1
ERR10619285	run_2026_06_02_124300	WES	full_pipeline	ENSG00000146085	MMUT	mitocarta	1	mitocarta	True	False	ensembl_gene_id	missense	2
ERR10619285	run_2026_06_02_124300	WES	full_pipeline	ENSG00000146085	MMUT	mitocarta	1	mitocarta	True	False	ensembl_gene_id	synonymous	1
ERR10619285	run_2026_06_02_124300	WES	full_pipeline	ENSG00000124615	MOCS1	mitocarta	1	mitocarta	True	False	ensembl_gene_id	missense	1
ERR10619285	run_2026_06_02_124300	WES	full_pipeline	ENSG00000143158	MPC2	mitocarta	1	mitocarta	True	False	ensembl_gene_id	synonymous	1
ERR10619285	run_2026_06_02_124300	WES	full_pipeline	ENSG00000171861	MRM3	mitocarta	1	mitocarta	True	False	ensembl_gene_id	missense	1
ERR10619285	run_2026_06_02_124300	WES	full_pipeline	ENSG00000169288	MRPL1	mitocarta	1	mitocarta	True	False	ensembl_gene_id	synonymous	1
ERR10619285	run_2026_06_02_124300	WES	full_pipeline	ENSG00000159111	MRPL10	mitocarta	1	mitocarta	True	False	ensembl_gene_id	loss_of_function	1
ERR10619285	run_2026_06_02_124300	WES	full_pipeline	ENSG00000174547	MRPL11	mitocarta	1	mitocarta	True	False	ensembl_gene_id	synonymous	1
ERR10619285	run_2026_06_02_124300	WES	full_pipeline	ENSG00000180992	MRPL14	mitocarta	1	mitocarta	True	False	ensembl_gene_id	synonymous	1
ERR10619285	run_2026_06_02_124300	WES	full_pipeline	ENSG00000112110	MRPL18	mitocarta	1	mitocarta	True	False	ensembl_gene_id	missense	1
ERR10619285	run_2026_06_02_124300	WES	full_pipeline	ENSG00000112110	MRPL18	mitocarta	1	mitocarta	True	False	ensembl_gene_id	other_coding	1
ERR10619285	run_2026_06_02_124300	WES	full_pipeline	ENSG00000185414	MRPL30	mitocarta	1	mitocarta	True	False	ensembl_gene_id	missense	1
ERR10619285	run_2026_06_02_124300	WES	full_pipeline	ENSG00000185414	MRPL30	mitocarta	1	mitocarta	True	False	ensembl_gene_id	splice_relevant	1
ERR10619285	run_2026_06_02_124300	WES	full_pipeline	ENSG00000106591	MRPL32	mitocarta	1	mitocarta	True	False	ensembl_gene_id	synonymous	1
ERR10619285	run_2026_06_02_124300	WES	full_pipeline	ENSG00000132313	MRPL35	mitocarta	1	mitocarta	True	False	ensembl_gene_id	missense	1
ERR10619285	run_2026_06_02_124300	WES	full_pipeline	ENSG00000116221	MRPL37	mitocarta	1	mitocarta	True	False	ensembl_gene_id	missense	2
ERR10619285	run_2026_06_02_124300	WES	full_pipeline	ENSG00000154719	MRPL39	mitocarta	1	mitocarta	True	False	ensembl_gene_id	missense	1
ERR10619285	run_2026_06_02_124300	WES	full_pipeline	ENSG00000154719	MRPL39	mitocarta	1	mitocarta	True	False	ensembl_gene_id	splice_relevant	1
ERR10619285	run_2026_06_02_124300	WES	full_pipeline	ENSG00000154719	MRPL39	mitocarta	1	mitocarta	True	False	ensembl_gene_id	synonymous	3
ERR10619285	run_2026_06_02_124300	WES	full_pipeline	ENSG00000185608	MRPL40	mitocarta	1	mitocarta	True	False	ensembl_gene_id	missense	2
ERR10619285	run_2026_06_02_124300	WES	full_pipeline	ENSG00000198015	MRPL42	mitocarta	1	mitocarta	True	False	ensembl_gene_id	missense	1
ERR10619285	run_2026_06_02_124300	WES	full_pipeline	ENSG00000135900	MRPL44	mitocarta	1	mitocarta	True	False	ensembl_gene_id	missense	1
ERR10619285	run_2026_06_02_124300	WES	full_pipeline	ENSG00000135900	MRPL44	mitocarta	1	mitocarta	True	False	ensembl_gene_id	synonymous	1
ERR10619285	run_2026_06_02_124300	WES	full_pipeline	ENSG00000259494	MRPL46	mitocarta	1	mitocarta	True	False	ensembl_gene_id	missense	1
ERR10619285	run_2026_06_02_124300	WES	full_pipeline	ENSG00000172590	MRPL52	mitocarta	1	mitocarta	True	False	ensembl_gene_id	missense	1
ERR10619285	run_2026_06_02_124300	WES	full_pipeline	ENSG00000183617	MRPL54	mitocarta	1	mitocarta	True	False	ensembl_gene_id	synonymous	1
ERR10619285	run_2026_06_02_124300	WES	full_pipeline	ENSG00000167862	MRPL58	mitocarta	1	mitocarta	True	False	ensembl_gene_id	missense	1
ERR10619285	run_2026_06_02_124300	WES	full_pipeline	ENSG00000143436	MRPL9	mitocarta	1	mitocarta	True	False	ensembl_gene_id	missense	1
ERR10619285	run_2026_06_02_124300	WES	full_pipeline	ENSG00000143436	MRPL9	mitocarta	1	mitocarta	True	False	ensembl_gene_id	splice_relevant	1
ERR10619285	run_2026_06_02_124300	WES	full_pipeline	ENSG00000143436	MRPL9	mitocarta	1	mitocarta	True	False	ensembl_gene_id	synonymous	1
ERR10619285	run_2026_06_02_124300	WES	full_pipeline	ENSG00000048544	MRPS10	mitocarta	1	mitocarta	True	False	ensembl_gene_id	synonymous	1
ERR10619285	run_2026_06_02_124300	WES	full_pipeline	ENSG00000116898	MRPS15	mitocarta	1	mitocarta	True	False	ensembl_gene_id	synonymous	1
ERR10619285	run_2026_06_02_124300	WES	full_pipeline	ENSG00000266472	MRPS21	mitocarta	1	mitocarta	True	False	ensembl_gene_id	missense	1
ERR10619285	run_2026_06_02_124300	WES	full_pipeline	ENSG00000175110	MRPS22	mitocarta	1	mitocarta	True	False	ensembl_gene_id	missense	1
ERR10619285	run_2026_06_02_124300	WES	full_pipeline	ENSG00000113048	MRPS27	mitocarta	1	mitocarta	True	False	ensembl_gene_id	missense	1
ERR10619285	run_2026_06_02_124300	WES	full_pipeline	ENSG00000113048	MRPS27	mitocarta	1	mitocarta	True	False	ensembl_gene_id	splice_relevant	1
ERR10619285	run_2026_06_02_124300	WES	full_pipeline	ENSG00000112996	MRPS30	mitocarta	1	mitocarta	True	False	ensembl_gene_id	missense	1
ERR10619285	run_2026_06_02_124300	WES	full_pipeline	ENSG00000074071	MRPS34	mitocarta	1	mitocarta	True	False	ensembl_gene_id	splice_relevant	1
ERR10619285	run_2026_06_02_124300	WES	full_pipeline	ENSG00000061794	MRPS35	mitocarta	1	mitocarta	True	False	ensembl_gene_id	splice_relevant	1
ERR10619285	run_2026_06_02_124300	WES	full_pipeline	ENSG00000135972	MRPS9	mitocarta	1	mitocarta	True	False	ensembl_gene_id	splice_relevant	1
ERR10619285	run_2026_06_02_124300	WES	full_pipeline	ENSG00000135972	MRPS9	mitocarta	1	mitocarta	True	False	ensembl_gene_id	synonymous	3
ERR10619285	run_2026_06_02_124300	WES	full_pipeline	ENSG00000124532	MRS2	mitocarta	1	mitocarta	True	False	ensembl_gene_id	missense	2
ERR10619285	run_2026_06_02_124300	WES	full_pipeline	ENSG00000124532	MRS2	mitocarta	1	mitocarta	True	False	ensembl_gene_id	synonymous	1
ERR10619285	run_2026_06_02_124300	WES	full_pipeline	ENSG00000198899	MT-ATP6	mitocarta	1	mitocarta	True	False	ensembl_gene_id	missense	1
ERR10619285	run_2026_06_02_124300	WES	full_pipeline	ENSG00000198899	MT-ATP6	mitocarta	1	mitocarta	True	False	ensembl_gene_id	synonymous	2
ERR10619285	run_2026_06_02_124300	WES	full_pipeline	ENSG00000198804	MT-CO1	mitocarta	1	mitocarta	True	False	ensembl_gene_id	synonymous	1
ERR10619285	run_2026_06_02_124300	WES	full_pipeline	ENSG00000198712	MT-CO2	mitocarta	1	mitocarta	True	False	ensembl_gene_id	synonymous	1
ERR10619285	run_2026_06_02_124300	WES	full_pipeline	ENSG00000198727	MT-CYB	mitocarta	1	mitocarta	True	False	ensembl_gene_id	missense	4
ERR10619285	run_2026_06_02_124300	WES	full_pipeline	ENSG00000198888	MT-ND1	mitocarta	1	mitocarta	True	False	ensembl_gene_id	missense	3
ERR10619285	run_2026_06_02_124300	WES	full_pipeline	ENSG00000198763	MT-ND2	mitocarta	1	mitocarta	True	False	ensembl_gene_id	missense	2
ERR10619285	run_2026_06_02_124300	WES	full_pipeline	ENSG00000198763	MT-ND2	mitocarta	1	mitocarta	True	False	ensembl_gene_id	synonymous	1
ERR10619285	run_2026_06_02_124300	WES	full_pipeline	ENSG00000198886	MT-ND4	mitocarta	1	mitocarta	True	False	ensembl_gene_id	synonymous	3
ERR10619285	run_2026_06_02_124300	WES	full_pipeline	ENSG00000198786	MT-ND5	mitocarta	1	mitocarta	True	False	ensembl_gene_id	synonymous	2
ERR10619285	run_2026_06_02_124300	WES	full_pipeline	ENSG00000127989	MTERF1	mitocarta	1	mitocarta	True	False	ensembl_gene_id	missense	1
ERR10619285	run_2026_06_02_124300	WES	full_pipeline	ENSG00000120832	MTERF2	mitocarta	1	mitocarta	True	False	ensembl_gene_id	loss_of_function	1
ERR10619285	run_2026_06_02_124300	WES	full_pipeline	ENSG00000120832	MTERF2	mitocarta	1	mitocarta	True	False	ensembl_gene_id	synonymous	1
ERR10619285	run_2026_06_02_124300	WES	full_pipeline	ENSG00000103707	MTFMT	mitocarta	1	mitocarta	True	False	ensembl_gene_id	splice_relevant	1
ERR10619285	run_2026_06_02_124300	WES	full_pipeline	ENSG00000242114	MTFP1	mitocarta	1	mitocarta	True	False	ensembl_gene_id	synonymous	1
ERR10619285	run_2026_06_02_124300	WES	full_pipeline	ENSG00000066855	MTFR1	mitocarta	1	mitocarta	True	False	ensembl_gene_id	missense	2
ERR10619285	run_2026_06_02_124300	WES	full_pipeline	ENSG00000066855	MTFR1	mitocarta	1	mitocarta	True	False	ensembl_gene_id	synonymous	3
ERR10619285	run_2026_06_02_124300	WES	full_pipeline	ENSG00000146410	MTFR2	mitocarta	1	mitocarta	True	False	ensembl_gene_id	missense	1
ERR10619285	run_2026_06_02_124300	WES	full_pipeline	ENSG00000148824	MTG1	mitocarta	1	mitocarta	True	False	ensembl_gene_id	splice_relevant	1
ERR10619285	run_2026_06_02_124300	WES	full_pipeline	ENSG00000101181	MTG2	mitocarta	1	mitocarta	True	False	ensembl_gene_id	splice_relevant	1
ERR10619285	run_2026_06_02_124300	WES	full_pipeline	ENSG00000120254	MTHFD1L	mitocarta	1	mitocarta	True	False	ensembl_gene_id	splice_relevant	1
ERR10619285	run_2026_06_02_124300	WES	full_pipeline	ENSG00000120254	MTHFD1L	mitocarta	1	mitocarta	True	False	ensembl_gene_id	synonymous	1
ERR10619285	run_2026_06_02_124300	WES	full_pipeline	ENSG00000085760	MTIF2	mitocarta	1	mitocarta	True	False	ensembl_gene_id	missense	2
ERR10619285	run_2026_06_02_124300	WES	full_pipeline	ENSG00000120662	MTRF1	mitocarta	1	mitocarta	True	False	ensembl_gene_id	synonymous	1
ERR10619285	run_2026_06_02_124300	WES	full_pipeline	ENSG00000112031	MTRF1L	mitocarta	1	mitocarta	True	False	ensembl_gene_id	missense	2
ERR10619285	run_2026_06_02_124300	WES	full_pipeline	ENSG00000090432	MUL1	mitocarta	1	mitocarta	True	False	ensembl_gene_id	splice_relevant	1
ERR10619285	run_2026_06_02_124300	WES	full_pipeline	ENSG00000139637	MYG1	mitocarta	1	mitocarta	True	False	ensembl_gene_id	missense	4
ERR10619285	run_2026_06_02_124300	WES	full_pipeline	ENSG00000137513	NARS2	mitocarta	1	mitocarta	True	False	ensembl_gene_id	missense	1
ERR10619285	run_2026_06_02_124300	WES	full_pipeline	ENSG00000137513	NARS2	mitocarta	1	mitocarta	True	False	ensembl_gene_id	synonymous	1
ERR10619285	run_2026_06_02_124300	WES	full_pipeline	ENSG00000163382	NAXE	mitocarta	1	mitocarta	True	False	ensembl_gene_id	synonymous	3
ERR10619285	run_2026_06_02_124300	WES	full_pipeline	ENSG00000188554	NBR1	mitocarta	1	mitocarta	True	False	ensembl_gene_id	splice_relevant	1
ERR10619285	run_2026_06_02_124300	WES	full_pipeline	ENSG00000130414	NDUFA10	mitocarta	1	mitocarta	True	False	ensembl_gene_id	synonymous	2
ERR10619285	run_2026_06_02_124300	WES	full_pipeline	ENSG00000119421	NDUFA8	mitocarta	1	mitocarta	True	False	ensembl_gene_id	synonymous	1
ERR10619285	run_2026_06_02_124300	WES	full_pipeline	ENSG00000164182	NDUFAF2	mitocarta	1	mitocarta	True	False	ensembl_gene_id	synonymous	1
ERR10619285	run_2026_06_02_124300	WES	full_pipeline	ENSG00000123545	NDUFAF4	mitocarta	1	mitocarta	True	False	ensembl_gene_id	synonymous	2
ERR10619285	run_2026_06_02_124300	WES	full_pipeline	ENSG00000101247	NDUFAF5	mitocarta	1	mitocarta	True	False	ensembl_gene_id	synonymous	1
ERR10619285	run_2026_06_02_124300	WES	full_pipeline	ENSG00000156170	NDUFAF6	mitocarta	1	mitocarta	True	False	ensembl_gene_id	splice_relevant	1
ERR10619285	run_2026_06_02_124300	WES	full_pipeline	ENSG00000099795	NDUFB7	mitocarta	1	mitocarta	True	False	ensembl_gene_id	synonymous	1
ERR10619285	run_2026_06_02_124300	WES	full_pipeline	ENSG00000151366	NDUFC2	mitocarta	1	mitocarta	True	False	ensembl_gene_id	missense	1
ERR10619285	run_2026_06_02_124300	WES	full_pipeline	ENSG00000151366	NDUFC2	mitocarta	1	mitocarta	True	False	ensembl_gene_id	synonymous	1
ERR10619285	run_2026_06_02_124300	WES	full_pipeline	ENSG00000164258	NDUFS4	mitocarta	1	mitocarta	True	False	ensembl_gene_id	synonymous	3
ERR10619285	run_2026_06_02_124300	WES	full_pipeline	ENSG00000115286	NDUFS7	mitocarta	1	mitocarta	True	False	ensembl_gene_id	missense	1
ERR10619285	run_2026_06_02_124300	WES	full_pipeline	ENSG00000178127	NDUFV2	mitocarta	1	mitocarta	True	False	ensembl_gene_id	missense	1
ERR10619285	run_2026_06_02_124300	WES	full_pipeline	ENSG00000160194	NDUFV3	mitocarta	1	mitocarta	True	False	ensembl_gene_id	loss_of_function	1
ERR10619285	run_2026_06_02_124300	WES	full_pipeline	ENSG00000160194	NDUFV3	mitocarta	1	mitocarta	True	False	ensembl_gene_id	missense	1
ERR10619285	run_2026_06_02_124300	WES	full_pipeline	ENSG00000160194	NDUFV3	mitocarta	1	mitocarta	True	False	ensembl_gene_id	synonymous	1
ERR10619285	run_2026_06_02_124300	WES	full_pipeline	ENSG00000169599	NFU1	mitocarta	1	mitocarta	True	False	ensembl_gene_id	missense	1
ERR10619285	run_2026_06_02_124300	WES	full_pipeline	ENSG00000182768	NGRN	mitocarta	1	mitocarta	True	False	ensembl_gene_id	missense	1
ERR10619285	run_2026_06_02_124300	WES	full_pipeline	ENSG00000136783	NIPSNAP3A	mitocarta	1	mitocarta	True	False	ensembl_gene_id	missense	1
ERR10619285	run_2026_06_02_124300	WES	full_pipeline	ENSG00000123213	NLN	mitocarta	1	mitocarta	True	False	ensembl_gene_id	missense	1
ERR10619285	run_2026_06_02_124300	WES	full_pipeline	ENSG00000123213	NLN	mitocarta	1	mitocarta	True	False	ensembl_gene_id	synonymous	1
ERR10619285	run_2026_06_02_124300	WES	full_pipeline	ENSG00000160703	NLRX1	mitocarta	1	mitocarta	True	False	ensembl_gene_id	missense	2
ERR10619285	run_2026_06_02_124300	WES	full_pipeline	ENSG00000160703	NLRX1	mitocarta	1	mitocarta	True	False	ensembl_gene_id	synonymous	1
ERR10619285	run_2026_06_02_124300	WES	full_pipeline	ENSG00000103202	NME4	mitocarta	1	mitocarta	True	False	ensembl_gene_id	synonymous	2
ERR10619285	run_2026_06_02_124300	WES	full_pipeline	ENSG00000112992	NNT	mitocarta	1	mitocarta	True	False	ensembl_gene_id	synonymous	1
ERR10619285	run_2026_06_02_124300	WES	full_pipeline	ENSG00000078618	NRDC	mitocarta	1	mitocarta	True	False	ensembl_gene_id	other_coding	1
ERR10619285	run_2026_06_02_124300	WES	full_pipeline	ENSG00000078618	NRDC	mitocarta	1	mitocarta	True	False	ensembl_gene_id	synonymous	2
ERR10619285	run_2026_06_02_124300	WES	full_pipeline	ENSG00000037474	NSUN2	mitocarta	1	mitocarta	True	False	ensembl_gene_id	missense	1
ERR10619285	run_2026_06_02_124300	WES	full_pipeline	ENSG00000037474	NSUN2	mitocarta	1	mitocarta	True	False	ensembl_gene_id	splice_relevant	1
ERR10619285	run_2026_06_02_124300	WES	full_pipeline	ENSG00000117481	NSUN4	mitocarta	1	mitocarta	True	False	ensembl_gene_id	missense	2
ERR10619285	run_2026_06_02_124300	WES	full_pipeline	ENSG00000111696	NT5DC3	mitocarta	1	mitocarta	True	False	ensembl_gene_id	synonymous	1
ERR10619285	run_2026_06_02_124300	WES	full_pipeline	ENSG00000170917	NUDT6	mitocarta	1	mitocarta	True	False	ensembl_gene_id	missense	2
ERR10619285	run_2026_06_02_124300	WES	full_pipeline	ENSG00000170917	NUDT6	mitocarta	1	mitocarta	True	False	ensembl_gene_id	synonymous	1
ERR10619285	run_2026_06_02_124300	WES	full_pipeline	ENSG00000170502	NUDT9	mitocarta	1	mitocarta	True	False	ensembl_gene_id	synonymous	1
ERR10619285	run_2026_06_02_124300	WES	full_pipeline	ENSG00000198836	OPA1	mitocarta	1	mitocarta	True	False	ensembl_gene_id	missense	1
ERR10619285	run_2026_06_02_124300	WES	full_pipeline	ENSG00000198836	OPA1	mitocarta	1	mitocarta	True	False	ensembl_gene_id	synonymous	1
ERR10619285	run_2026_06_02_124300	WES	full_pipeline	ENSG00000141447	OSBPL1A	mitocarta	1	mitocarta	True	False	ensembl_gene_id	synonymous	1
ERR10619285	run_2026_06_02_124300	WES	full_pipeline	ENSG00000128694	OSGEPL1	mitocarta	1	mitocarta	True	False	ensembl_gene_id	synonymous	1
ERR10619285	run_2026_06_02_124300	WES	full_pipeline	ENSG00000036473	OTC	mitocarta	1	mitocarta	True	False	ensembl_gene_id	missense	1
ERR10619285	run_2026_06_02_124300	WES	full_pipeline	ENSG00000036473	OTC	mitocarta	1	mitocarta	True	False	ensembl_gene_id	splice_relevant	1
ERR10619285	run_2026_06_02_124300	WES	full_pipeline	ENSG00000155463	OXA1L	mitocarta	1	mitocarta	True	False	ensembl_gene_id	missense	1
ERR10619285	run_2026_06_02_124300	WES	full_pipeline	ENSG00000083720	OXCT1	mitocarta	1	mitocarta	True	False	ensembl_gene_id	splice_relevant	1
ERR10619285	run_2026_06_02_124300	WES	full_pipeline	ENSG00000154814	OXNAD1	mitocarta	1	mitocarta	True	False	ensembl_gene_id	missense	1
ERR10619285	run_2026_06_02_124300	WES	full_pipeline	ENSG00000154814	OXNAD1	mitocarta	1	mitocarta	True	False	ensembl_gene_id	synonymous	1
ERR10619285	run_2026_06_02_124300	WES	full_pipeline	ENSG00000125779	PANK2	mitocarta	1	mitocarta	True	False	ensembl_gene_id	missense	1
ERR10619285	run_2026_06_02_124300	WES	full_pipeline	ENSG00000175198	PCCA	mitocarta	1	mitocarta	True	False	ensembl_gene_id	missense	1
ERR10619285	run_2026_06_02_124300	WES	full_pipeline	ENSG00000174840	PDE12	mitocarta	1	mitocarta	True	False	ensembl_gene_id	missense	1
ERR10619285	run_2026_06_02_124300	WES	full_pipeline	ENSG00000186642	PDE2A	mitocarta	1	mitocarta	True	False	ensembl_gene_id	synonymous	2
ERR10619285	run_2026_06_02_124300	WES	full_pipeline	ENSG00000258429	PDF	mitocarta	1	mitocarta	True	False	ensembl_gene_id	missense	1
ERR10619285	run_2026_06_02_124300	WES	full_pipeline	ENSG00000168291	PDHB	mitocarta	1	mitocarta	True	False	ensembl_gene_id	synonymous	2
ERR10619285	run_2026_06_02_124300	WES	full_pipeline	ENSG00000110435	PDHX	mitocarta	1	mitocarta	True	False	ensembl_gene_id	synonymous	2
ERR10619285	run_2026_06_02_124300	WES	full_pipeline	ENSG00000152256	PDK1	mitocarta	1	mitocarta	True	False	ensembl_gene_id	synonymous	1
ERR10619285	run_2026_06_02_124300	WES	full_pipeline	ENSG00000004799	PDK4	mitocarta	1	mitocarta	True	False	ensembl_gene_id	synonymous	1
ERR10619285	run_2026_06_02_124300	WES	full_pipeline	ENSG00000090857	PDPR	mitocarta	1	mitocarta	True	False	ensembl_gene_id	missense	7
ERR10619285	run_2026_06_02_124300	WES	full_pipeline	ENSG00000090857	PDPR	mitocarta	1	mitocarta	True	False	ensembl_gene_id	splice_relevant	1
ERR10619285	run_2026_06_02_124300	WES	full_pipeline	ENSG00000090857	PDPR	mitocarta	1	mitocarta	True	False	ensembl_gene_id	synonymous	2
ERR10619285	run_2026_06_02_124300	WES	full_pipeline	ENSG00000107537	PHYH	mitocarta	1	mitocarta	True	False	ensembl_gene_id	synonymous	2
ERR10619285	run_2026_06_02_124300	WES	full_pipeline	ENSG00000140451	PIF1	mitocarta	1	mitocarta	True	False	ensembl_gene_id	missense	1
ERR10619285	run_2026_06_02_124300	WES	full_pipeline	ENSG00000140451	PIF1	mitocarta	1	mitocarta	True	False	ensembl_gene_id	synonymous	1
ERR10619285	run_2026_06_02_124300	WES	full_pipeline	ENSG00000158828	PINK1	mitocarta	1	mitocarta	True	False	ensembl_gene_id	splice_relevant	2
ERR10619285	run_2026_06_02_124300	WES	full_pipeline	ENSG00000107959	PITRM1	mitocarta	1	mitocarta	True	False	ensembl_gene_id	missense	6
ERR10619285	run_2026_06_02_124300	WES	full_pipeline	ENSG00000107959	PITRM1	mitocarta	1	mitocarta	True	False	ensembl_gene_id	splice_relevant	1
ERR10619285	run_2026_06_02_124300	WES	full_pipeline	ENSG00000107959	PITRM1	mitocarta	1	mitocarta	True	False	ensembl_gene_id	synonymous	2
ERR10619285	run_2026_06_02_124300	WES	full_pipeline	ENSG00000105819	PMPCB	mitocarta	1	mitocarta	True	False	ensembl_gene_id	splice_relevant	1
ERR10619285	run_2026_06_02_124300	WES	full_pipeline	ENSG00000108439	PNPO	mitocarta	1	mitocarta	True	False	ensembl_gene_id	synonymous	1
ERR10619285	run_2026_06_02_124300	WES	full_pipeline	ENSG00000140521	POLG	mitocarta	1	mitocarta	True	False	ensembl_gene_id	missense	1
ERR10619285	run_2026_06_02_124300	WES	full_pipeline	ENSG00000140521	POLG	mitocarta	1	mitocarta	True	False	ensembl_gene_id	synonymous	1
ERR10619285	run_2026_06_02_124300	WES	full_pipeline	ENSG00000051341	POLQ	mitocarta	1	mitocarta	True	False	ensembl_gene_id	missense	3
ERR10619285	run_2026_06_02_124300	WES	full_pipeline	ENSG00000051341	POLQ	mitocarta	1	mitocarta	True	False	ensembl_gene_id	splice_relevant	1
ERR10619285	run_2026_06_02_124300	WES	full_pipeline	ENSG00000051341	POLQ	mitocarta	1	mitocarta	True	False	ensembl_gene_id	synonymous	2
ERR10619285	run_2026_06_02_124300	WES	full_pipeline	ENSG00000099821	POLRMT	mitocarta	1	mitocarta	True	False	ensembl_gene_id	missense	2
ERR10619285	run_2026_06_02_124300	WES	full_pipeline	ENSG00000099821	POLRMT	mitocarta	1	mitocarta	True	False	ensembl_gene_id	synonymous	1
ERR10619285	run_2026_06_02_124300	WES	full_pipeline	ENSG00000165672	PRDX3	mitocarta	1	mitocarta	True	False	ensembl_gene_id	synonymous	1
ERR10619285	run_2026_06_02_124300	WES	full_pipeline	ENSG00000126432	PRDX5	mitocarta	1	mitocarta	True	False	ensembl_gene_id	missense	1
ERR10619285	run_2026_06_02_124300	WES	full_pipeline	ENSG00000169230	PRELID1	mitocarta	1	mitocarta	True	False	ensembl_gene_id	synonymous	1
ERR10619285	run_2026_06_02_124300	WES	full_pipeline	ENSG00000138078	PREPL	mitocarta	1	mitocarta	True	False	ensembl_gene_id	splice_relevant	1
ERR10619285	run_2026_06_02_124300	WES	full_pipeline	ENSG00000164306	PRIMPOL	mitocarta	1	mitocarta	True	False	ensembl_gene_id	splice_relevant	1
ERR10619285	run_2026_06_02_124300	WES	full_pipeline	ENSG00000185345	PRKN	mitocarta	1	mitocarta	True	False	ensembl_gene_id	missense	1
ERR10619285	run_2026_06_02_124300	WES	full_pipeline	ENSG00000250799	PRODH2	mitocarta	1	mitocarta	True	False	ensembl_gene_id	synonymous	1
ERR10619285	run_2026_06_02_124300	WES	full_pipeline	ENSG00000146250	PRSS35	mitocarta	1	mitocarta	True	False	ensembl_gene_id	missense	1
ERR10619285	run_2026_06_02_124300	WES	full_pipeline	ENSG00000106246	PTCD1	mitocarta	1	mitocarta	True	False	ensembl_gene_id	splice_relevant	1
ERR10619285	run_2026_06_02_124300	WES	full_pipeline	ENSG00000106246	PTCD1	mitocarta	1	mitocarta	True	False	ensembl_gene_id	synonymous	2
ERR10619285	run_2026_06_02_124300	WES	full_pipeline	ENSG00000148334	PTGES2	mitocarta	1	mitocarta	True	False	ensembl_gene_id	synonymous	1
ERR10619285	run_2026_06_02_124300	WES	full_pipeline	ENSG00000180011	PTGR3	mitocarta	1	mitocarta	True	False	ensembl_gene_id	synonymous	1
ERR10619285	run_2026_06_02_124300	WES	full_pipeline	ENSG00000176894	PXMP2	mitocarta	1	mitocarta	True	False	ensembl_gene_id	synonymous	1
ERR10619285	run_2026_06_02_124300	WES	full_pipeline	ENSG00000101417	PXMP4	mitocarta	1	mitocarta	True	False	ensembl_gene_id	missense	1
ERR10619285	run_2026_06_02_124300	WES	full_pipeline	ENSG00000183010	PYCR1	mitocarta	1	mitocarta	True	False	ensembl_gene_id	synonymous	1
ERR10619285	run_2026_06_02_124300	WES	full_pipeline	ENSG00000151552	QDPR	mitocarta	1	mitocarta	True	False	ensembl_gene_id	synonymous	1
ERR10619285	run_2026_06_02_124300	WES	full_pipeline	ENSG00000130348	QRSL1	mitocarta	1	mitocarta	True	False	ensembl_gene_id	synonymous	1
ERR10619285	run_2026_06_02_124300	WES	full_pipeline	ENSG00000146282	RARS2	mitocarta	1	mitocarta	True	False	ensembl_gene_id	missense	1
ERR10619285	run_2026_06_02_124300	WES	full_pipeline	ENSG00000101546	RBFA	mitocarta	1	mitocarta	True	False	ensembl_gene_id	missense	1
ERR10619285	run_2026_06_02_124300	WES	full_pipeline	ENSG00000160957	RECQL4	mitocarta	1	mitocarta	True	False	ensembl_gene_id	synonymous	1
ERR10619285	run_2026_06_02_124300	WES	full_pipeline	ENSG00000126858	RHOT1	mitocarta	1	mitocarta	True	False	ensembl_gene_id	splice_relevant	1
ERR10619285	run_2026_06_02_124300	WES	full_pipeline	ENSG00000126858	RHOT1	mitocarta	1	mitocarta	True	False	ensembl_gene_id	synonymous	1
ERR10619285	run_2026_06_02_124300	WES	full_pipeline	ENSG00000140983	RHOT2	mitocarta	1	mitocarta	True	False	ensembl_gene_id	missense	2
ERR10619285	run_2026_06_02_124300	WES	full_pipeline	ENSG00000140983	RHOT2	mitocarta	1	mitocarta	True	False	ensembl_gene_id	synonymous	5
ERR10619285	run_2026_06_02_124300	WES	full_pipeline	ENSG00000176623	RMDN1	mitocarta	1	mitocarta	True	False	ensembl_gene_id	missense	1
ERR10619285	run_2026_06_02_124300	WES	full_pipeline	ENSG00000156990	RPUSD3	mitocarta	1	mitocarta	True	False	ensembl_gene_id	synonymous	1
ERR10619285	run_2026_06_02_124300	WES	full_pipeline	ENSG00000136444	RSAD1	mitocarta	1	mitocarta	True	False	ensembl_gene_id	missense	2
ERR10619285	run_2026_06_02_124300	WES	full_pipeline	ENSG00000136444	RSAD1	mitocarta	1	mitocarta	True	False	ensembl_gene_id	synonymous	1
ERR10619285	run_2026_06_02_124300	WES	full_pipeline	ENSG00000100347	SAMM50	mitocarta	1	mitocarta	True	False	ensembl_gene_id	missense	1
ERR10619285	run_2026_06_02_124300	WES	full_pipeline	ENSG00000100347	SAMM50	mitocarta	1	mitocarta	True	False	ensembl_gene_id	splice_relevant	1
ERR10619285	run_2026_06_02_124300	WES	full_pipeline	ENSG00000100347	SAMM50	mitocarta	1	mitocarta	True	False	ensembl_gene_id	synonymous	2
ERR10619285	run_2026_06_02_124300	WES	full_pipeline	ENSG00000123453	SARDH	mitocarta	1	mitocarta	True	False	ensembl_gene_id	missense	2
ERR10619285	run_2026_06_02_124300	WES	full_pipeline	ENSG00000123453	SARDH	mitocarta	1	mitocarta	True	False	ensembl_gene_id	synonymous	3
ERR10619285	run_2026_06_02_124300	WES	full_pipeline	ENSG00000284194	SCO2	mitocarta	1	mitocarta	True	False	ensembl_gene_id	missense	1
ERR10619285	run_2026_06_02_124300	WES	full_pipeline	ENSG00000284194	SCO2	mitocarta	1	mitocarta	True	False	ensembl_gene_id	synonymous	1
ERR10619285	run_2026_06_02_124300	WES	full_pipeline	ENSG00000116171	SCP2	mitocarta	1	mitocarta	True	False	ensembl_gene_id	synonymous	1
ERR10619285	run_2026_06_02_124300	WES	full_pipeline	ENSG00000073578	SDHA	mitocarta	1	mitocarta	True	False	ensembl_gene_id	missense	1
ERR10619285	run_2026_06_02_124300	WES	full_pipeline	ENSG00000073578	SDHA	mitocarta	1	mitocarta	True	False	ensembl_gene_id	splice_relevant	1
ERR10619285	run_2026_06_02_124300	WES	full_pipeline	ENSG00000073578	SDHA	mitocarta	1	mitocarta	True	False	ensembl_gene_id	synonymous	8
ERR10619285	run_2026_06_02_124300	WES	full_pipeline	ENSG00000205138	SDHAF1	mitocarta	1	mitocarta	True	False	ensembl_gene_id	missense	1
ERR10619285	run_2026_06_02_124300	WES	full_pipeline	ENSG00000117118	SDHB	mitocarta	1	mitocarta	True	False	ensembl_gene_id	synonymous	1
ERR10619285	run_2026_06_02_124300	WES	full_pipeline	ENSG00000204370	SDHD	mitocarta	1	mitocarta	True	False	ensembl_gene_id	synonymous	1
ERR10619285	run_2026_06_02_124300	WES	full_pipeline	ENSG00000100445	SDR39U1	mitocarta	1	mitocarta	True	False	ensembl_gene_id	missense	4
ERR10619285	run_2026_06_02_124300	WES	full_pipeline	ENSG00000100445	SDR39U1	mitocarta	1	mitocarta	True	False	ensembl_gene_id	synonymous	2
ERR10619285	run_2026_06_02_124300	WES	full_pipeline	ENSG00000139410	SDSL	mitocarta	1	mitocarta	True	False	ensembl_gene_id	missense	1
ERR10619285	run_2026_06_02_124300	WES	full_pipeline	ENSG00000108387	SEPTIN4	mitocarta	1	mitocarta	True	False	ensembl_gene_id	missense	2
ERR10619285	run_2026_06_02_124300	WES	full_pipeline	ENSG00000108387	SEPTIN4	mitocarta	1	mitocarta	True	False	ensembl_gene_id	synonymous	3
ERR10619285	run_2026_06_02_124300	WES	full_pipeline	ENSG00000122335	SERAC1	mitocarta	1	mitocarta	True	False	ensembl_gene_id	synonymous	1
ERR10619285	run_2026_06_02_124300	WES	full_pipeline	ENSG00000183569	SERHL2	mitocarta	1	mitocarta	True	False	ensembl_gene_id	loss_of_function	1
ERR10619285	run_2026_06_02_124300	WES	full_pipeline	ENSG00000183569	SERHL2	mitocarta	1	mitocarta	True	False	ensembl_gene_id	missense	3
ERR10619285	run_2026_06_02_124300	WES	full_pipeline	ENSG00000183569	SERHL2	mitocarta	1	mitocarta	True	False	ensembl_gene_id	splice_relevant	1
ERR10619285	run_2026_06_02_124300	WES	full_pipeline	ENSG00000183569	SERHL2	mitocarta	1	mitocarta	True	False	ensembl_gene_id	synonymous	1
ERR10619285	run_2026_06_02_124300	WES	full_pipeline	ENSG00000155542	SETD9	mitocarta	1	mitocarta	True	False	ensembl_gene_id	missense	2
ERR10619285	run_2026_06_02_124300	WES	full_pipeline	ENSG00000183605	SFXN4	mitocarta	1	mitocarta	True	False	ensembl_gene_id	splice_relevant	1
ERR10619285	run_2026_06_02_124300	WES	full_pipeline	ENSG00000183605	SFXN4	mitocarta	1	mitocarta	True	False	ensembl_gene_id	synonymous	1
ERR10619285	run_2026_06_02_124300	WES	full_pipeline	ENSG00000182199	SHMT2	mitocarta	1	mitocarta	True	False	ensembl_gene_id	missense	1
ERR10619285	run_2026_06_02_124300	WES	full_pipeline	ENSG00000124523	SIRT5	mitocarta	1	mitocarta	True	False	ensembl_gene_id	synonymous	1
ERR10619285	run_2026_06_02_124300	WES	full_pipeline	ENSG00000100075	SLC25A1	mitocarta	1	mitocarta	True	False	ensembl_gene_id	synonymous	1
ERR10619285	run_2026_06_02_124300	WES	full_pipeline	ENSG00000183048	SLC25A10	mitocarta	1	mitocarta	True	False	ensembl_gene_id	synonymous	2
ERR10619285	run_2026_06_02_124300	WES	full_pipeline	ENSG00000115840	SLC25A12	mitocarta	1	mitocarta	True	False	ensembl_gene_id	splice_relevant	1
ERR10619285	run_2026_06_02_124300	WES	full_pipeline	ENSG00000115840	SLC25A12	mitocarta	1	mitocarta	True	False	ensembl_gene_id	synonymous	1
ERR10619285	run_2026_06_02_124300	WES	full_pipeline	ENSG00000102743	SLC25A15	mitocarta	1	mitocarta	True	False	ensembl_gene_id	missense	1
ERR10619285	run_2026_06_02_124300	WES	full_pipeline	ENSG00000125454	SLC25A19	mitocarta	1	mitocarta	True	False	ensembl_gene_id	synonymous	1
ERR10619285	run_2026_06_02_124300	WES	full_pipeline	ENSG00000125648	SLC25A23	mitocarta	1	mitocarta	True	False	ensembl_gene_id	synonymous	1
ERR10619285	run_2026_06_02_124300	WES	full_pipeline	ENSG00000148339	SLC25A25	mitocarta	1	mitocarta	True	False	ensembl_gene_id	synonymous	1
ERR10619285	run_2026_06_02_124300	WES	full_pipeline	ENSG00000153291	SLC25A27	mitocarta	1	mitocarta	True	False	ensembl_gene_id	synonymous	1
ERR10619285	run_2026_06_02_124300	WES	full_pipeline	ENSG00000197119	SLC25A29	mitocarta	1	mitocarta	True	False	ensembl_gene_id	synonymous	2
ERR10619285	run_2026_06_02_124300	WES	full_pipeline	ENSG00000151475	SLC25A31	mitocarta	1	mitocarta	True	False	ensembl_gene_id	synonymous	1
ERR10619285	run_2026_06_02_124300	WES	full_pipeline	ENSG00000147454	SLC25A37	mitocarta	1	mitocarta	True	False	ensembl_gene_id	synonymous	1
ERR10619285	run_2026_06_02_124300	WES	full_pipeline	ENSG00000181240	SLC25A41	mitocarta	1	mitocarta	True	False	ensembl_gene_id	missense	1
ERR10619285	run_2026_06_02_124300	WES	full_pipeline	ENSG00000162241	SLC25A45	mitocarta	1	mitocarta	True	False	ensembl_gene_id	missense	1
ERR10619285	run_2026_06_02_124300	WES	full_pipeline	ENSG00000164209	SLC25A46	mitocarta	1	mitocarta	True	False	ensembl_gene_id	synonymous	1
ERR10619285	run_2026_06_02_124300	WES	full_pipeline	ENSG00000140107	SLC25A47	mitocarta	1	mitocarta	True	False	ensembl_gene_id	missense	1
ERR10619285	run_2026_06_02_124300	WES	full_pipeline	ENSG00000140107	SLC25A47	mitocarta	1	mitocarta	True	False	ensembl_gene_id	synonymous	1
ERR10619285	run_2026_06_02_124300	WES	full_pipeline	ENSG00000145832	SLC25A48	mitocarta	1	mitocarta	True	False	ensembl_gene_id	synonymous	1
ERR10619285	run_2026_06_02_124300	WES	full_pipeline	ENSG00000005022	SLC25A5	mitocarta	1	mitocarta	True	False	ensembl_gene_id	loss_of_function	1
ERR10619285	run_2026_06_02_124300	WES	full_pipeline	ENSG00000005022	SLC25A5	mitocarta	1	mitocarta	True	False	ensembl_gene_id	missense	4
ERR10619285	run_2026_06_02_124300	WES	full_pipeline	ENSG00000005022	SLC25A5	mitocarta	1	mitocarta	True	False	ensembl_gene_id	synonymous	5
ERR10619285	run_2026_06_02_124300	WES	full_pipeline	ENSG00000141437	SLC25A52	mitocarta	1	mitocarta	True	False	ensembl_gene_id	missense	1
ERR10619285	run_2026_06_02_124300	WES	full_pipeline	ENSG00000014824	SLC30A9	mitocarta	1	mitocarta	True	False	ensembl_gene_id	missense	2
ERR10619285	run_2026_06_02_124300	WES	full_pipeline	ENSG00000014824	SLC30A9	mitocarta	1	mitocarta	True	False	ensembl_gene_id	synonymous	1
ERR10619285	run_2026_06_02_124300	WES	full_pipeline	ENSG00000111850	SMIM8	mitocarta	1	mitocarta	True	False	ensembl_gene_id	splice_relevant	1
ERR10619285	run_2026_06_02_124300	WES	full_pipeline	ENSG00000006282	SPATA20	mitocarta	1	mitocarta	True	False	ensembl_gene_id	missense	3
ERR10619285	run_2026_06_02_124300	WES	full_pipeline	ENSG00000006282	SPATA20	mitocarta	1	mitocarta	True	False	ensembl_gene_id	splice_relevant	2
ERR10619285	run_2026_06_02_124300	WES	full_pipeline	ENSG00000006282	SPATA20	mitocarta	1	mitocarta	True	False	ensembl_gene_id	synonymous	1
ERR10619285	run_2026_06_02_124300	WES	full_pipeline	ENSG00000197912	SPG7	mitocarta	1	mitocarta	True	False	ensembl_gene_id	missense	3
ERR10619285	run_2026_06_02_124300	WES	full_pipeline	ENSG00000153820	SPHKAP	mitocarta	1	mitocarta	True	False	ensembl_gene_id	missense	2
ERR10619285	run_2026_06_02_124300	WES	full_pipeline	ENSG00000153820	SPHKAP	mitocarta	1	mitocarta	True	False	ensembl_gene_id	splice_relevant	1
ERR10619285	run_2026_06_02_124300	WES	full_pipeline	ENSG00000153820	SPHKAP	mitocarta	1	mitocarta	True	False	ensembl_gene_id	synonymous	1
ERR10619285	run_2026_06_02_124300	WES	full_pipeline	ENSG00000134278	SPIRE1	mitocarta	1	mitocarta	True	False	ensembl_gene_id	synonymous	1
ERR10619285	run_2026_06_02_124300	WES	full_pipeline	ENSG00000100596	SPTLC2	mitocarta	1	mitocarta	True	False	ensembl_gene_id	synonymous	1
ERR10619285	run_2026_06_02_124300	WES	full_pipeline	ENSG00000137767	SQOR	mitocarta	1	mitocarta	True	False	ensembl_gene_id	missense	1
ERR10619285	run_2026_06_02_124300	WES	full_pipeline	ENSG00000127952	STYXL1	mitocarta	1	mitocarta	True	False	ensembl_gene_id	synonymous	2
ERR10619285	run_2026_06_02_124300	WES	full_pipeline	ENSG00000136143	SUCLA2	mitocarta	1	mitocarta	True	False	ensembl_gene_id	missense	1
ERR10619285	run_2026_06_02_124300	WES	full_pipeline	ENSG00000136143	SUCLA2	mitocarta	1	mitocarta	True	False	ensembl_gene_id	splice_relevant	1
ERR10619285	run_2026_06_02_124300	WES	full_pipeline	ENSG00000172340	SUCLG2	mitocarta	1	mitocarta	True	False	ensembl_gene_id	missense	2
ERR10619285	run_2026_06_02_124300	WES	full_pipeline	ENSG00000175600	SUGCT	mitocarta	1	mitocarta	True	False	ensembl_gene_id	synonymous	2
ERR10619285	run_2026_06_02_124300	WES	full_pipeline	ENSG00000139531	SUOX	mitocarta	1	mitocarta	True	False	ensembl_gene_id	synonymous	1
ERR10619285	run_2026_06_02_124300	WES	full_pipeline	ENSG00000143374	TARS2	mitocarta	1	mitocarta	True	False	ensembl_gene_id	synonymous	1
ERR10619285	run_2026_06_02_124300	WES	full_pipeline	ENSG00000172171	TEFM	mitocarta	1	mitocarta	True	False	ensembl_gene_id	splice_relevant	1
ERR10619285	run_2026_06_02_124300	WES	full_pipeline	ENSG00000162851	TFB2M	mitocarta	1	mitocarta	True	False	ensembl_gene_id	splice_relevant	1
ERR10619285	run_2026_06_02_124300	WES	full_pipeline	ENSG00000162851	TFB2M	mitocarta	1	mitocarta	True	False	ensembl_gene_id	synonymous	2
ERR10619285	run_2026_06_02_124300	WES	full_pipeline	ENSG00000159445	THEM4	mitocarta	1	mitocarta	True	False	ensembl_gene_id	missense	1
ERR10619285	run_2026_06_02_124300	WES	full_pipeline	ENSG00000159445	THEM4	mitocarta	1	mitocarta	True	False	ensembl_gene_id	synonymous	1
ERR10619285	run_2026_06_02_124300	WES	full_pipeline	ENSG00000196407	THEM5	mitocarta	1	mitocarta	True	False	ensembl_gene_id	missense	2
ERR10619285	run_2026_06_02_124300	WES	full_pipeline	ENSG00000196407	THEM5	mitocarta	1	mitocarta	True	False	ensembl_gene_id	synonymous	1
ERR10619285	run_2026_06_02_124300	WES	full_pipeline	ENSG00000113272	THG1L	mitocarta	1	mitocarta	True	False	ensembl_gene_id	missense	1
ERR10619285	run_2026_06_02_124300	WES	full_pipeline	ENSG00000113272	THG1L	mitocarta	1	mitocarta	True	False	ensembl_gene_id	splice_relevant	1
ERR10619285	run_2026_06_02_124300	WES	full_pipeline	ENSG00000185875	THNSL1	mitocarta	1	mitocarta	True	False	ensembl_gene_id	synonymous	2
ERR10619285	run_2026_06_02_124300	WES	full_pipeline	ENSG00000132286	TIMM10B	mitocarta	1	mitocarta	True	False	ensembl_gene_id	synonymous	1
ERR10619285	run_2026_06_02_124300	WES	full_pipeline	ENSG00000104980	TIMM44	mitocarta	1	mitocarta	True	False	ensembl_gene_id	splice_relevant	2
ERR10619285	run_2026_06_02_124300	WES	full_pipeline	ENSG00000104980	TIMM44	mitocarta	1	mitocarta	True	False	ensembl_gene_id	synonymous	1
ERR10619285	run_2026_06_02_124300	WES	full_pipeline	ENSG00000113845	TIMMDC1	mitocarta	1	mitocarta	True	False	ensembl_gene_id	synonymous	1
ERR10619285	run_2026_06_02_124300	WES	full_pipeline	ENSG00000144120	TMEM177	mitocarta	1	mitocarta	True	False	ensembl_gene_id	missense	2
ERR10619285	run_2026_06_02_124300	WES	full_pipeline	ENSG00000144120	TMEM177	mitocarta	1	mitocarta	True	False	ensembl_gene_id	synonymous	1
ERR10619285	run_2026_06_02_124300	WES	full_pipeline	ENSG00000175606	TMEM70	mitocarta	1	mitocarta	True	False	ensembl_gene_id	missense	3
ERR10619285	run_2026_06_02_124300	WES	full_pipeline	ENSG00000025772	TOMM34	mitocarta	1	mitocarta	True	False	ensembl_gene_id	synonymous	1
ERR10619285	run_2026_06_02_124300	WES	full_pipeline	ENSG00000184428	TOP1MT	mitocarta	1	mitocarta	True	False	ensembl_gene_id	missense	2
ERR10619285	run_2026_06_02_124300	WES	full_pipeline	ENSG00000184428	TOP1MT	mitocarta	1	mitocarta	True	False	ensembl_gene_id	splice_relevant	2
ERR10619285	run_2026_06_02_124300	WES	full_pipeline	ENSG00000184428	TOP1MT	mitocarta	1	mitocarta	True	False	ensembl_gene_id	synonymous	3
ERR10619285	run_2026_06_02_124300	WES	full_pipeline	ENSG00000126602	TRAP1	mitocarta	1	mitocarta	True	False	ensembl_gene_id	synonymous	1
ERR10619285	run_2026_06_02_124300	WES	full_pipeline	ENSG00000174173	TRMT10C	mitocarta	1	mitocarta	True	False	ensembl_gene_id	missense	1
ERR10619285	run_2026_06_02_124300	WES	full_pipeline	ENSG00000126814	TRMT5	mitocarta	1	mitocarta	True	False	ensembl_gene_id	splice_relevant	1
ERR10619285	run_2026_06_02_124300	WES	full_pipeline	ENSG00000171103	TRMT61B	mitocarta	1	mitocarta	True	False	ensembl_gene_id	synonymous	2
ERR10619285	run_2026_06_02_124300	WES	full_pipeline	ENSG00000072756	TRNT1	mitocarta	1	mitocarta	True	False	ensembl_gene_id	missense	1
ERR10619285	run_2026_06_02_124300	WES	full_pipeline	ENSG00000072756	TRNT1	mitocarta	1	mitocarta	True	False	ensembl_gene_id	synonymous	1
ERR10619285	run_2026_06_02_124300	WES	full_pipeline	ENSG00000100300	TSPO	mitocarta	1	mitocarta	True	False	ensembl_gene_id	missense	2
ERR10619285	run_2026_06_02_124300	WES	full_pipeline	ENSG00000198431	TXNRD1	mitocarta	1	mitocarta	True	False	ensembl_gene_id	synonymous	4
ERR10619285	run_2026_06_02_124300	WES	full_pipeline	ENSG00000184470	TXNRD2	mitocarta	1	mitocarta	True	False	ensembl_gene_id	missense	2
ERR10619285	run_2026_06_02_124300	WES	full_pipeline	ENSG00000184470	TXNRD2	mitocarta	1	mitocarta	True	False	ensembl_gene_id	synonymous	1
ERR10619285	run_2026_06_02_124300	WES	full_pipeline	ENSG00000175564	UCP3	mitocarta	1	mitocarta	True	False	ensembl_gene_id	synonymous	1
ERR10619285	run_2026_06_02_124300	WES	full_pipeline	ENSG00000101019	UQCC1	mitocarta	1	mitocarta	True	False	ensembl_gene_id	missense	1
ERR10619285	run_2026_06_02_124300	WES	full_pipeline	ENSG00000010256	UQCRC1	mitocarta	1	mitocarta	True	False	ensembl_gene_id	missense	1
ERR10619285	run_2026_06_02_124300	WES	full_pipeline	ENSG00000169021	UQCRFS1	mitocarta	1	mitocarta	True	False	ensembl_gene_id	missense	1
ERR10619285	run_2026_06_02_124300	WES	full_pipeline	ENSG00000169021	UQCRFS1	mitocarta	1	mitocarta	True	False	ensembl_gene_id	synonymous	1
ERR10619285	run_2026_06_02_124300	WES	full_pipeline	ENSG00000173660	UQCRH	mitocarta	1	mitocarta	True	False	ensembl_gene_id	missense	1
ERR10619285	run_2026_06_02_124300	WES	full_pipeline	ENSG00000135093	USP30	mitocarta	1	mitocarta	True	False	ensembl_gene_id	missense	1
ERR10619285	run_2026_06_02_124300	WES	full_pipeline	ENSG00000135093	USP30	mitocarta	1	mitocarta	True	False	ensembl_gene_id	synonymous	1
ERR10619285	run_2026_06_02_124300	WES	full_pipeline	ENSG00000078668	VDAC3	mitocarta	1	mitocarta	True	False	ensembl_gene_id	splice_relevant	1
ERR10619285	run_2026_06_02_124300	WES	full_pipeline	ENSG00000048707	VPS13D	mitocarta	1	mitocarta	True	False	ensembl_gene_id	missense	1
ERR10619285	run_2026_06_02_124300	WES	full_pipeline	ENSG00000048707	VPS13D	mitocarta	1	mitocarta	True	False	ensembl_gene_id	splice_relevant	1
ERR10619285	run_2026_06_02_124300	WES	full_pipeline	ENSG00000048707	VPS13D	mitocarta	1	mitocarta	True	False	ensembl_gene_id	synonymous	1
ERR10619285	run_2026_06_02_124300	WES	full_pipeline	ENSG00000136758	YME1L1	mitocarta	1	mitocarta	True	False	ensembl_gene_id	splice_relevant	1
ERR10619285	run_2026_06_02_124300	WES	full_pipeline	ENSG00000136758	YME1L1	mitocarta	1	mitocarta	True	False	ensembl_gene_id	synonymous	2
