sample_id	run_id	chromosome	position	reference_allele	alternate_allele	variant_id	gene_symbol	gene_id	variant_class	consequence	functional_impact	clinical_significance	clinical_status	is_clinically_supported	frequency_status	gnomad_af	epilepsy_flag	mito_flag	priority_tier	priority_rank	priority_reason	validation_required	validation_priority	suggested_validation_method	interpretability_status	coding_interpretation_label	qc_status
ERR10619225	run_2026_05_31_091242	18	23539813	G	A	18:23539813:G:A	NPC1	ENSG00000141458	coding	splice_region_variant&synonymous_variant	splice_relevant	benign&likely_pathogenic	likely_pathogenic	True	common	0.4840	True	False	tier_3_low_support_or_common	3	coding label coding_common_or_low_support	False	low	none	interpretable_now	coding_common_or_low_support	pass
ERR10619225	run_2026_05_31_091242	12	102852922	C	T	12:102852922:C:T	PAH	ENSG00000171759	coding	synonymous_variant	synonymous	benign&likely_pathogenic	likely_pathogenic	True	common	0.3149	True	False	tier_3_low_support_or_common	3	coding label coding_common_or_low_support	False	low	none	interpretable_now	coding_common_or_low_support	pass
ERR10619225	run_2026_05_31_091242	8	142912850	A	G	8:142912850:A:G	CYP11B2	ENSG00000179142	coding	missense_variant	missense	benign&pathogenic&likely_benign	pathogenic	True	common	0.0531	False	True	tier_3_low_support_or_common	3	coding label coding_common_or_low_support	False	low	none	interpretable_now	coding_common_or_low_support	pass
ERR10619225	run_2026_05_31_091242	17	13011692	G	A	17:13011692:G:A	ELAC2	ENSG00000006744	coding	missense_variant	missense	benign&pathogenic	pathogenic	True	common	0.2145	False	True	tier_3_low_support_or_common	3	coding label coding_common_or_low_support	False	low	none	interpretable_now	coding_common_or_low_support	pass
ERR10619225	run_2026_05_31_091242	MT	14766	C	T	MT:14766:C:T	MT-CYB	ENSG00000198727	coding	missense_variant	missense	benign&likely_pathogenic&likely_risk_allele	likely_pathogenic	True	missing		False	True	tier_3_low_support_or_common	3	coding label coding_common_or_low_support	False	low	none	interpretable_now	coding_common_or_low_support	pass
ERR10619225	run_2026_05_31_091242	MT	15326	A	G	MT:15326:A:G	MT-CYB	ENSG00000198727	coding	missense_variant	missense	benign&likely_pathogenic	likely_pathogenic	True	missing		False	True	tier_3_low_support_or_common	3	coding label coding_common_or_low_support	False	low	none	interpretable_now	coding_common_or_low_support	pass
ERR10619225	run_2026_05_31_091242	11	66560624	C	T	11:66560624:C:T	ACTN3	ENSG00000248746	coding	stop_gained	loss_of_function	pathogenic&benign&affects	pathogenic	True	common	0.4008	False	False	tier_3_low_support_or_common	3	coding label coding_common_or_low_support	False	low	none	interpretable_now	coding_common_or_low_support	pass
ERR10619225	run_2026_05_31_091242	20	44651586	C	T	20:44651586:C:T	ADA	ENSG00000196839	coding	missense_variant	missense	benign&pathogenic	pathogenic	True	common	0.0513	False	False	tier_3_low_support_or_common	3	coding label coding_common_or_low_support	False	low	none	interpretable_now	coding_common_or_low_support	pass
ERR10619225	run_2026_05_31_091242	2	29193500	G	C	2:29193500:G:C	ALK	ENSG00000171094	coding	missense_variant	missense	likely_pathogenic&benign	likely_pathogenic	True	common	0.5729	False	False	tier_3_low_support_or_common	3	coding label coding_common_or_low_support	False	low	none	interpretable_now	coding_common_or_low_support	pass
ERR10619225	run_2026_05_31_091242	2	29193615	T	C	2:29193615:T:C	ALK	ENSG00000171094	coding	missense_variant	missense	benign&likely_pathogenic	likely_pathogenic	True	common	0.4151	False	False	tier_3_low_support_or_common	3	coding label coding_common_or_low_support	False	low	none	interpretable_now	coding_common_or_low_support	pass
ERR10619225	run_2026_05_31_091242	2	29193706	T	C	2:29193706:T:C	ALK	ENSG00000171094	coding	missense_variant	missense	likely_pathogenic&benign	likely_pathogenic	True	common	0.9922	False	False	tier_3_low_support_or_common	3	coding label coding_common_or_low_support	False	low	none	interpretable_now	coding_common_or_low_support	pass
ERR10619225	run_2026_05_31_091242	19	44908822	C	T	19:44908822:C:T	APOE	ENSG00000130203	coding	missense_variant	missense	drug_response&benign&pathogenic&likely_benign	pathogenic	True	common	0.0751	False	False	tier_3_low_support_or_common	3	coding label coding_common_or_low_support	False	low	none	interpretable_now	coding_common_or_low_support	pass
ERR10619225	run_2026_05_31_091242	6	151615542	G	A	6:151615542:G:A	CCDC170	ENSG00000120262	coding	missense_variant	missense	likely_pathogenic&benign	likely_pathogenic	True	common	0.3494	False	False	tier_3_low_support_or_common	3	coding label coding_common_or_low_support	False	low	none	interpretable_now	coding_common_or_low_support	pass
ERR10619225	run_2026_05_31_091242	1	161629903	T	C	1:161629903:T:C	FCGR3B	ENSG00000162747	coding	missense_variant	missense	pathogenic&benign	pathogenic	True	common	0.5329	False	False	tier_3_low_support_or_common	3	coding label coding_common_or_low_support	False	low	none	interpretable_now	coding_common_or_low_support	pass
ERR10619225	run_2026_05_31_091242	1	171107825	G	A	1:171107825:G:A	FMO3	ENSG00000007933	coding	missense_variant	missense	pathogenic&likely_pathogenic&benign	likely_pathogenic	True	common	0.3478	False	False	tier_3_low_support_or_common	3	coding label coding_common_or_low_support	False	low	none	interpretable_now	coding_common_or_low_support	pass
