sample_id	run_id	chromosome	position	reference_allele	alternate_allele	variant_id	gene_symbol	gene_id	variant_class	consequence	functional_impact	clinical_significance	clinical_status	is_clinically_supported	frequency_status	gnomad_af	epilepsy_flag	mito_flag	priority_tier	priority_rank	priority_reason	validation_required	validation_priority	suggested_validation_method	interpretability_status	qc_status
ERR10619281	run_2026_05_27_233524	3	49721936	T	TGCCCCCCCCC	3:49721936:T:TGCCCCCCCCC	IP6K1	ENSG00000176095	noncoding	downstream_gene_variant		likely_pathogenic	likely_pathogenic	True	rare	0.0001002	False	False	tier_2_moderate_candidate	2	noncoding label regulatory_or_transcript_rare	True	medium	IGV	needs_external_annotation	pass
ERR10619281	run_2026_05_27_233524	16	31103637	G	C	16:31103637:G:C	BCKDK	ENSG00000103507	noncoding	upstream_gene_variant			missing	False	rare	0.00395	True	True	tier_2_moderate_candidate	2	noncoding label regulatory_or_transcript_rare	True	medium	IGV	needs_external_annotation	pass
ERR10619281	run_2026_05_27_233524	13	110707569	C	T	13:110707569:C:T	CARS2	ENSG00000134905	noncoding	upstream_gene_variant			missing	False	rare	0.0008	True	True	tier_2_moderate_candidate	2	noncoding label regulatory_or_transcript_rare	True	medium	IGV	needs_external_annotation	pass
ERR10619281	run_2026_05_27_233524	11	72284648	AT	A	11:72284648:AT:A	CLPB	ENSG00000162129	noncoding	downstream_gene_variant			missing	False	rare	0.0005355	True	True	tier_2_moderate_candidate	2	noncoding label regulatory_or_transcript_rare	True	medium	IGV	needs_external_annotation	pass
ERR10619281	run_2026_05_27_233524	4	83260972	C	T	4:83260972:C:T	COQ2	ENSG00000173085	noncoding	downstream_gene_variant			missing	False	rare	0.0040	True	True	tier_2_moderate_candidate	2	noncoding label regulatory_or_transcript_rare	True	medium	IGV	needs_external_annotation	pass
ERR10619281	run_2026_05_27_233524	1	100185167	CTT	C	1:100185167:CTT:C	DBT	ENSG00000137992	noncoding	downstream_gene_variant			missing	False	rare	0.0001205	True	True	tier_2_moderate_candidate	2	noncoding label regulatory_or_transcript_rare	True	medium	IGV	needs_external_annotation	pass
ERR10619281	run_2026_05_27_233524	3	47799430	C	CT	3:47799430:C:CT	DHX30	ENSG00000132153	noncoding	upstream_gene_variant			missing	False	rare	0.003955	True	True	tier_2_moderate_candidate	2	noncoding label regulatory_or_transcript_rare	True	medium	IGV	needs_external_annotation	pass
ERR10619281	run_2026_05_27_233524	12	32677179	T	TTC	12:32677179:T:TTC	DNM1L	ENSG00000087470	noncoding	upstream_gene_variant			missing	False	rare	0.0002434	True	True	tier_2_moderate_candidate	2	noncoding label regulatory_or_transcript_rare	True	medium	IGV	needs_external_annotation	pass
ERR10619281	run_2026_05_27_233524	6	5805524	T	G	6:5805524:T:G	FARS2	ENSG00000145982	noncoding	intron_variant&NMD_transcript_variant			missing	False	rare	0.0004	True	True	tier_2_moderate_candidate	2	noncoding label regulatory_or_transcript_rare	True	medium	IGV	needs_external_annotation	pass
ERR10619281	run_2026_05_27_233524	2	206800201	C	G	2:206800201:C:G	FASTKD2	ENSG00000118246	noncoding	downstream_gene_variant			missing	False	rare	7.285e-05	True	True	tier_2_moderate_candidate	2	noncoding label regulatory_or_transcript_rare	True	medium	IGV	needs_external_annotation	pass
ERR10619281	run_2026_05_27_233524	19	12902464	CA	C	19:12902464:CA:C	GCDH	ENSG00000105607	noncoding	downstream_gene_variant			missing	False	rare	0	True	True	tier_2_moderate_candidate	2	noncoding label regulatory_or_transcript_rare	True	medium	IGV	needs_external_annotation	pass
ERR10619281	run_2026_05_27_233524	16	81101372	ATTTAT	A	16:81101372:ATTTAT:A	GCSH	ENSG00000140905	noncoding	upstream_gene_variant			missing	False	rare	0.0001391	True	True	tier_2_moderate_candidate	2	noncoding label regulatory_or_transcript_rare	True	medium	IGV	needs_external_annotation	pass
ERR10619281	run_2026_05_27_233524	9	6529445	CT	C	9:6529445:CT:C	GLDC	ENSG00000178445	noncoding	downstream_gene_variant			missing	False	rare	0.003992	True	True	tier_2_moderate_candidate	2	noncoding label regulatory_or_transcript_rare	True	medium	IGV	needs_external_annotation	pass
ERR10619281	run_2026_05_27_233524	16	58735807	CA	C	16:58735807:CA:C	GOT2	ENSG00000125166	noncoding	upstream_gene_variant			missing	False	rare	0.003876	True	True	tier_2_moderate_candidate	2	noncoding label regulatory_or_transcript_rare	True	medium	IGV	needs_external_annotation	pass
ERR10619281	run_2026_05_27_233524	2	197484992	GTGA	G	2:197484992:GTGA:G	HSPD1	ENSG00000144381	noncoding	downstream_gene_variant			missing	False	rare	0.004611	True	True	tier_2_moderate_candidate	2	noncoding label regulatory_or_transcript_rare	True	medium	IGV	needs_external_annotation	pass
